-- phpMyAdmin SQL Dump
-- version 5.2.0
-- https://www.phpmyadmin.net/
--
-- Vært: 127.0.0.1
-- Genereringstid: 28. 08 2022 kl. 15:13:38
-- Serverversion: 10.4.24-MariaDB
-- PHP-version: 8.1.6

/*!40101 SET @OLD_CHARACTER_SET_CLIENT=@@CHARACTER_SET_CLIENT */;
/*!40101 SET @OLD_CHARACTER_SET_RESULTS=@@CHARACTER_SET_RESULTS */;
/*!40101 SET @OLD_COLLATION_CONNECTION=@@COLLATION_CONNECTION */;
/*!40101 SET NAMES utf8mb4 */;

--
-- Database: schoolsystem
--

-- --------------------------------------------------------

--
-- Struktur-dump for tabellen admins
--

CREATE TABLE admins (
  ADMIN_ID int(11) NOT NULL,
  EMPLOYEE_ID int(11) NOT NULL,
  USERNAME text NOT NULL,
  PASSWORD longtext NOT NULL,
  PHOTO_URL text NOT NULL,
  PUBLIC_NAME text NOT NULL
) ENGINE=InnoDB DEFAULT CHARSET=utf8mb4;

--
-- Data dump for tabellen admins
--

INSERT INTO admins (ADMIN_ID, EMPLOYEE_ID, USERNAME, PASSWORD, PHOTO_URL, PUBLIC_NAME) VALUES
(1, 21, 'Daniel', '$2b$10$ceudn9j4XvVfTPv8.qbfjugRkXfQc2GvAgXo1PWjmC8srQrmZ6bBO', 'http://localhost:3002/v1/assets/default.jpg', 'Daniel Cargar Mahyar');

-- --------------------------------------------------------

--
-- Struktur-dump for tabellen annual_grades
--

CREATE TABLE annual_grades (
  GRADE_ID int(11) NOT NULL,
  STUDENT_ID int(11) NOT NULL,
  GRADE enum('-3','00','02','4','7','10','12') CHARACTER SET utf8mb4 COLLATE utf8mb4_bin NOT NULL,
  TEACHER_ID int(11) NOT NULL,
  CLASS_ID int(11) NOT NULL,
  TIME_GIVEN datetime NOT NULL,
  SHOWN_AT datetime NOT NULL
) ENGINE=InnoDB DEFAULT CHARSET=utf8mb4;

-- --------------------------------------------------------

--
-- Struktur-dump for tabellen assignments
--

CREATE TABLE assignments (
  ASSIGNMENT_ID int(11) NOT NULL;'
  TEACHER_ID int(11) NOT NULL,
  ASSIGNMENT_NAME tinytext NOT NULL,
  ASSIGNMENT_DESCRIPTION longtext DEFAULT NULL,
  GRADE_TYPE tinytext NOT NULL,
  SUBJECT tinytext NOT NULL,
  CLASS_ID int(11) NOT NULL,
  DEADLINE datetime DEFAULT NULL
) ENGINE=InnoDB DEFAULT CHARSET=utf8mb4;

--
-- Data dump for tabellen assignments
--

INSERT INTO assignments (ASSIGNMENT_ID, TEACHER_ID, ASSIGNMENT_NAME, ASSIGNMENT_DESCRIPTION, GRADE_TYPE, SUBJECT, CLASS_ID, DEADLINE) VALUES
(14, 6, 'Assignment 2', NULL, 'Percentage', 'Math', 1, '2022-07-25 23:59:22'),
(18, 7, 'ADDDDDD', NULL, 'Percentage', 'Math', 1, '2022-07-25 23:59:22'),
(19, 7, 'Rapport om transgene bakterier', 'dwasd aw asawdawd awdawd', '7_TRINS_SKALA', 'Bioteknologi A', 1, '2022-07-25 18:59:22'),
(20, 7, 'Rapport om transgene bakterier', 'Testdaw daw dawd aw wa awawd awd aw', '7_TRINS_SKALA', 'Bioteknologi A', 1, '2022-07-25 18:59:22'),
(21, 7, 'Teodolit', NULL, '7_TRINS_SKALA', 'English', 1, '2022-07-25 18:59:22'),
(22, 7, 'Analysis', NULL, '7_TRINS_SKALA', 'English', 1, '2022-07-25 18:59:22'),
(23, 7, 'Analysis', NULL, '7_TRINS_SKALA', 'Danish', 1, '2022-07-25 18:59:22'),
(24, 7, 'Analysis', NULL, '7_TRINS_SKALA', 'Danish', 1, '2022-07-25 18:59:22');

-- --------------------------------------------------------

--
-- Struktur-dump for tabellen assignment_files
--

CREATE TABLE assignment_files (
  FILE_ID int(11) NOT NULL,
  ASSIGNMENT_ID int(11) NOT NULL,
  TEACHER_ID int(11) NOT NULL,
  FILE_NAME text NOT NULL,
  FILE_URL text NOT NULL,
  UPLOADED_AT date NOT NULL DEFAULT current_timestamp()
) ENGINE=InnoDB DEFAULT CHARSET=utf8mb4;

--
-- Data dump for tabellen assignment_files
--

INSERT INTO assignment_files (FILE_ID, ASSIGNMENT_ID, TEACHER_ID, FILE_NAME, FILE_URL, UPLOADED_AT) VALUES
(1, 20, 12, 'test.docx', 'http://localhost:3002/v1/api/students/assignments/files/class-1/Aflevering.docx', '2022-08-11');

-- --------------------------------------------------------

--
-- Struktur-dump for tabellen classes
--

CREATE TABLE classes (
  CLASS_ID int(11) NOT NULL,
  TEACHER_ID int(11) DEFAULT NULL,
  NAME tinytext NOT NULL,
  YEAR_STARTED date NOT NULL,
  YEAR_END date DEFAULT NULL
) ENGINE=InnoDB DEFAULT CHARSET=utf8mb4;

--
-- Data dump for tabellen classes
--

INSERT INTO classes (CLASS_ID, TEACHER_ID, NAME, YEAR_STARTED, YEAR_END) VALUES
(1, 6, '3B', '2022-07-15', '2023-03-10');

-- --------------------------------------------------------

--
-- Struktur-dump for tabellen employees
--

CREATE TABLE employees (
  EMPLOYEE_ID int(11) NOT NULL,
  FIRSTNAME tinytext NOT NULL,
  LASTNAME tinytext NOT NULL,
  EMAIL tinytext NOT NULL,
  HIRED_AT date NOT NULL,
  ROLE enum('CLEANING_STAFF','TEACHING','ADMIN','MAINTENANCE') NOT NULL
) ENGINE=InnoDB DEFAULT CHARSET=utf8mb4;

--
-- Data dump for tabellen employees
--

INSERT INTO employees (EMPLOYEE_ID, FIRSTNAME, LASTNAME, EMAIL, HIRED_AT, ROLE) VALUES
(10, 'Lars', 'Jørgensen', 'teeest@gmail.com', '2022-07-24', 'TEACHING'),
(11, 'Lars', 'Jørgensen', 'teeest@gmail.com', '2022-07-24', 'TEACHING'),
(12, 'Lars', 'Jørgensen', 'teeest@gmail.com', '2022-07-24', 'TEACHING'),
(13, 'Lars', 'Jørgensen', 'teeest@gmail.com', '2022-07-24', 'TEACHING'),
(14, 'Lars', 'Jørgensen', 'teeest@gmail.com', '2022-07-24', 'TEACHING'),
(15, 'Lars', 'Jørgensen', 'teeest@gmail.com', '2022-07-24', 'TEACHING'),
(16, 'Lars', 'Jørgensen', 'teeest@gmail.com', '2022-07-24', 'TEACHING'),
(17, 'Lars', 'Jørgensen', 'teeest@gmail.com', '2022-07-24', 'TEACHING'),
(18, 'Lars', 'Jørgensen', 'teeest@gmail.com', '2022-07-24', 'TEACHING'),
(19, 'Lars', 'Jørgensen', 'teeest@gmail.com', '2022-07-24', 'TEACHING'),
(20, 'Daniel', 'Mahyar', 'thediamonds764@gmail.com', '2022-08-06', 'ADMIN'),
(21, 'Daniel', 'Mahyar', 'thediamonds764@gmail.com', '2022-07-24', 'ADMIN');

-- --------------------------------------------------------

--
-- Struktur-dump for tabellen enrollments
--

CREATE TABLE enrollments (
  STUDENT_ID int(11) NOT NULL,
  CLASS_ID int(11) NOT NULL
) ENGINE=InnoDB DEFAULT CHARSET=utf8mb4;

--
-- Data dump for tabellen enrollments
--

INSERT INTO enrollments (STUDENT_ID, CLASS_ID) VALUES
(52, 1),
(53, 1),
(54, 1),
(55, 1),
(58, 1),
(59, 1),
(61, 1),
(63, 1),
(64, 1),
(65, 1),
(66, 1),
(67, 1);

-- --------------------------------------------------------

--
-- Struktur-dump for tabellen refresh_tokens
--

CREATE TABLE refresh_tokens (
  REFRESH_ID int(11) NOT NULL,
  REFRESH_TOKEN text NOT NULL
) ENGINE=InnoDB DEFAULT CHARSET=utf8mb4;

--
-- Data dump for tabellen refresh_tokens
--

INSERT INTO refresh_tokens (REFRESH_ID, REFRESH_TOKEN) VALUES
(337, 'eyJhbGciOiJIUzI1NiIsInR5cCI6IkpXVCJ9.eyJJRCI6MSwiVVNFUk5BTUUiOiJEYW5pZWwiLCJST0xFIjoiQURNSU4iLCJQSE9UT19VUkwiOiJodHRwOi8vbG9jYWxob3N0OjMwMDIvdjEvYXNzZXRzL2RlZmF1bHQuanBnIiwiUFVCTElDX05BTUUiOiJEYW5pZWwgQ2FyZ2FyIE1haHlhciIsImlhdCI6MTY1OTc4NzIyMH0.HFN56oXFxMO-6VkYgIpkJq3sNiFdHdUbEwzt8dw2k_0'),
(338, 'eyJhbGciOiJIUzI1NiIsInR5cCI6IkpXVCJ9.eyJJRCI6MSwiVVNFUk5BTUUiOiJEYW5pZWwiLCJST0xFIjoiQURNSU4iLCJQSE9UT19VUkwiOiJodHRwOi8vbG9jYWxob3N0OjMwMDIvdjEvYXNzZXRzL2RlZmF1bHQuanBnIiwiUFVCTElDX05BTUUiOiJEYW5pZWwgQ2FyZ2FyIE1haHlhciIsImlhdCI6MTY1OTc4NzcwN30.Uf3rF_-AEZPboHWhe-6ATeN5xsheA6FKC3AVD4JpgsU'),
(339, 'eyJhbGciOiJIUzI1NiIsInR5cCI6IkpXVCJ9.eyJJRCI6NTIsIlVTRVJOQU1FIjoiSm9obiBEb2UiLCJST0xFIjoiU1RVREVOVCIsIlBIT1RPX1VSTCI6Imh0dHA6Ly9sb2NhbGhvc3Q6MzAwMi92MS9hc3NldHMvZGVmYXVsdC5qcGciLCJQVUJMSUNfTkFNRSI6IkpvaG4gRG9lIiwiaWF0IjoxNjU5Nzg5MTYzfQ.FGYKjLJMkTq9b2RIPg-l30TsQCYSdKgg8P4hpFML1RM'),
(340, 'eyJhbGciOiJIUzI1NiIsInR5cCI6IkpXVCJ9.eyJJRCI6MSwiVVNFUk5BTUUiOiJEYW5pZWwiLCJST0xFIjoiQURNSU4iLCJQSE9UT19VUkwiOiJodHRwOi8vbG9jYWxob3N0OjMwMDIvdjEvYXNzZXRzL2RlZmF1bHQuanBnIiwiUFVCTElDX05BTUUiOiJEYW5pZWwgQ2FyZ2FyIE1haHlhciIsImlhdCI6MTY1OTc5MDAzMn0.au2ACFozEGv9bRh9yy7igZ6y5_MUDmtY5BMA6qRHw-0'),
(341, 'eyJhbGciOiJIUzI1NiIsInR5cCI6IkpXVCJ9.eyJJRCI6MSwiVVNFUk5BTUUiOiJEYW5pZWwiLCJST0xFIjoiQURNSU4iLCJQSE9UT19VUkwiOiJodHRwOi8vbG9jYWxob3N0OjMwMDIvdjEvYXNzZXRzL2RlZmF1bHQuanBnIiwiUFVCTElDX05BTUUiOiJEYW5pZWwgQ2FyZ2FyIE1haHlhciIsImlhdCI6MTY1OTc5MjY5MH0.MkuTPJiEPgtlUPj-axJeQEIoU2IaWYLu_E7CcddifRQ'),
(342, 'eyJhbGciOiJIUzI1NiIsInR5cCI6IkpXVCJ9.eyJJRCI6MSwiVVNFUk5BTUUiOiJEYW5pZWwiLCJST0xFIjoiQURNSU4iLCJQSE9UT19VUkwiOiJodHRwOi8vbG9jYWxob3N0OjMwMDIvdjEvYXNzZXRzL2RlZmF1bHQuanBnIiwiUFVCTElDX05BTUUiOiJEYW5pZWwgQ2FyZ2FyIE1haHlhciIsImlhdCI6MTY1OTc5NzExOH0.27-zwiNy-l3tfOa71h-CtqxBMmQRgtT6niXQGD4-ReQ'),
(343, 'eyJhbGciOiJIUzI1NiIsInR5cCI6IkpXVCJ9.eyJJRCI6MSwiVVNFUk5BTUUiOiJEYW5pZWwiLCJST0xFIjoiQURNSU4iLCJQSE9UT19VUkwiOiJodHRwOi8vbG9jYWxob3N0OjMwMDIvdjEvYXNzZXRzL2RlZmF1bHQuanBnIiwiUFVCTElDX05BTUUiOiJEYW5pZWwgQ2FyZ2FyIE1haHlhciIsImlhdCI6MTY1OTc5NzE0OH0.bO9LflTHpokcxW2jE5Fo8OC7iFgI11JzEn0u8NzTpyQ'),
(344, 'eyJhbGciOiJIUzI1NiIsInR5cCI6IkpXVCJ9.eyJJRCI6MSwiVVNFUk5BTUUiOiJEYW5pZWwiLCJST0xFIjoiQURNSU4iLCJQSE9UT19VUkwiOiJodHRwOi8vbG9jYWxob3N0OjMwMDIvdjEvYXNzZXRzL2RlZmF1bHQuanBnIiwiUFVCTElDX05BTUUiOiJEYW5pZWwgQ2FyZ2FyIE1haHlhciIsImlhdCI6MTY1OTgwMjIwOH0.cMYlU9i4L_uadSFP0YL0QUuRT9_ml4drWpc-7Fz8t-4'),
(345, 'eyJhbGciOiJIUzI1NiIsInR5cCI6IkpXVCJ9.eyJJRCI6MSwiVVNFUk5BTUUiOiJEYW5pZWwiLCJST0xFIjoiQURNSU4iLCJQSE9UT19VUkwiOiJodHRwOi8vbG9jYWxob3N0OjMwMDIvdjEvYXNzZXRzL2RlZmF1bHQuanBnIiwiUFVCTElDX05BTUUiOiJEYW5pZWwgQ2FyZ2FyIE1haHlhciIsImlhdCI6MTY1OTgwMjg5Nn0.a3BRELrclhwvp0odB15LodGtQ91qeQ2Vab26eYvC7qU'),
(346, 'eyJhbGciOiJIUzI1NiIsInR5cCI6IkpXVCJ9.eyJJRCI6MSwiVVNFUk5BTUUiOiJEYW5pZWwiLCJST0xFIjoiQURNSU4iLCJQSE9UT19VUkwiOiJodHRwOi8vbG9jYWxob3N0OjMwMDIvdjEvYXNzZXRzL2RlZmF1bHQuanBnIiwiUFVCTElDX05BTUUiOiJEYW5pZWwgQ2FyZ2FyIE1haHlhciIsImlhdCI6MTY1OTgwMzA2NH0.Hhu1Vhq3NvRO4PEkni8F9J7cWHYL5hBN1KzurP6sHto'),
(347, 'eyJhbGciOiJIUzI1NiIsInR5cCI6IkpXVCJ9.eyJJRCI6MSwiVVNFUk5BTUUiOiJEYW5pZWwiLCJST0xFIjoiQURNSU4iLCJQSE9UT19VUkwiOiJodHRwOi8vbG9jYWxob3N0OjMwMDIvdjEvYXNzZXRzL2RlZmF1bHQuanBnIiwiUFVCTElDX05BTUUiOiJEYW5pZWwgQ2FyZ2FyIE1haHlhciIsImlhdCI6MTY1OTgwMzcwOX0.c6BEVrUT-wI5eznIQFW-8ZrvRhkhiK2zkreHn24TvNM'),
(348, 'eyJhbGciOiJIUzI1NiIsInR5cCI6IkpXVCJ9.eyJJRCI6MSwiVVNFUk5BTUUiOiJEYW5pZWwiLCJST0xFIjoiQURNSU4iLCJQSE9UT19VUkwiOiJodHRwOi8vbG9jYWxob3N0OjMwMDIvdjEvYXNzZXRzL2RlZmF1bHQuanBnIiwiUFVCTElDX05BTUUiOiJEYW5pZWwgQ2FyZ2FyIE1haHlhciIsImlhdCI6MTY1OTgwNDI4M30.0xRqEPzweXQaAJGei4VHUF_xifv3jRTLTnzqP4d4PTs'),
(349, 'eyJhbGciOiJIUzI1NiIsInR5cCI6IkpXVCJ9.eyJJRCI6MSwiVVNFUk5BTUUiOiJEYW5pZWwiLCJST0xFIjoiQURNSU4iLCJQSE9UT19VUkwiOiJodHRwOi8vbG9jYWxob3N0OjMwMDIvdjEvYXNzZXRzL2RlZmF1bHQuanBnIiwiUFVCTElDX05BTUUiOiJEYW5pZWwgQ2FyZ2FyIE1haHlhciIsImlhdCI6MTY1OTgwNDM1NX0.MglkVPEE6Hqmfsgt8Slj5fJupTeamM22HvY-_H_5lkY'),
(350, 'eyJhbGciOiJIUzI1NiIsInR5cCI6IkpXVCJ9.eyJJRCI6MSwiVVNFUk5BTUUiOiJEYW5pZWwiLCJST0xFIjoiQURNSU4iLCJQSE9UT19VUkwiOiJodHRwOi8vbG9jYWxob3N0OjMwMDIvdjEvYXNzZXRzL2RlZmF1bHQuanBnIiwiUFVCTElDX05BTUUiOiJEYW5pZWwgQ2FyZ2FyIE1haHlhciIsImlhdCI6MTY1OTgwNDM5MH0.A3P9hXOcbzWRYA1mgZIBOLGz4fty5DeX5YaXKRf9wdA'),
(351, 'eyJhbGciOiJIUzI1NiIsInR5cCI6IkpXVCJ9.eyJJRCI6MSwiVVNFUk5BTUUiOiJEYW5pZWwiLCJST0xFIjoiQURNSU4iLCJQSE9UT19VUkwiOiJodHRwOi8vbG9jYWxob3N0OjMwMDIvdjEvYXNzZXRzL2RlZmF1bHQuanBnIiwiUFVCTElDX05BTUUiOiJEYW5pZWwgQ2FyZ2FyIE1haHlhciIsImlhdCI6MTY1OTgwNDQ0NX0.solsmIklxw00b4GVl7BGaxlucwADVx6Zj2r0F61yeiY'),
(352, 'eyJhbGciOiJIUzI1NiIsInR5cCI6IkpXVCJ9.eyJJRCI6MSwiVVNFUk5BTUUiOiJEYW5pZWwiLCJST0xFIjoiQURNSU4iLCJQSE9UT19VUkwiOiJodHRwOi8vbG9jYWxob3N0OjMwMDIvdjEvYXNzZXRzL2RlZmF1bHQuanBnIiwiUFVCTElDX05BTUUiOiJEYW5pZWwgQ2FyZ2FyIE1haHlhciIsImlhdCI6MTY1OTgwNDU2M30.P9eqp-xMott_xXZ-w_dxEjMW3zuygIGO34odVDCQ1tA'),
(353, 'eyJhbGciOiJIUzI1NiIsInR5cCI6IkpXVCJ9.eyJJRCI6MSwiVVNFUk5BTUUiOiJEYW5pZWwiLCJST0xFIjoiQURNSU4iLCJQSE9UT19VUkwiOiJodHRwOi8vbG9jYWxob3N0OjMwMDIvdjEvYXNzZXRzL2RlZmF1bHQuanBnIiwiUFVCTElDX05BTUUiOiJEYW5pZWwgQ2FyZ2FyIE1haHlhciIsImlhdCI6MTY1OTgwNDgzMH0.5hlKmpy3jsDzhzyvxf5Mf8BHBRT-kDSTAOAKmwb7aSk'),
(354, 'eyJhbGciOiJIUzI1NiIsInR5cCI6IkpXVCJ9.eyJJRCI6MSwiVVNFUk5BTUUiOiJEYW5pZWwiLCJST0xFIjoiQURNSU4iLCJQSE9UT19VUkwiOiJodHRwOi8vbG9jYWxob3N0OjMwMDIvdjEvYXNzZXRzL2RlZmF1bHQuanBnIiwiUFVCTElDX05BTUUiOiJEYW5pZWwgQ2FyZ2FyIE1haHlhciIsImlhdCI6MTY1OTgwNTcxOX0.5_XX-krJj_t1JdOsbBAi4DamS5spITypbigFuNX1dHI'),
(355, 'eyJhbGciOiJIUzI1NiIsInR5cCI6IkpXVCJ9.eyJJRCI6MSwiVVNFUk5BTUUiOiJEYW5pZWwiLCJST0xFIjoiQURNSU4iLCJQSE9UT19VUkwiOiJodHRwOi8vbG9jYWxob3N0OjMwMDIvdjEvYXNzZXRzL2RlZmF1bHQuanBnIiwiUFVCTElDX05BTUUiOiJEYW5pZWwgQ2FyZ2FyIE1haHlhciIsImlhdCI6MTY1OTgwNjQ5NX0.SzvfKMSoWM2MuvOpPQQvS9CrvHx4NsgUKThTtWZYreo'),
(356, 'eyJhbGciOiJIUzI1NiIsInR5cCI6IkpXVCJ9.eyJJRCI6MSwiVVNFUk5BTUUiOiJEYW5pZWwiLCJST0xFIjoiQURNSU4iLCJQSE9UT19VUkwiOiJodHRwOi8vbG9jYWxob3N0OjMwMDIvdjEvYXNzZXRzL2RlZmF1bHQuanBnIiwiUFVCTElDX05BTUUiOiJEYW5pZWwgQ2FyZ2FyIE1haHlhciIsImlhdCI6MTY1OTgxMzYxOH0.kJMDOccoiOeq_KlwU7tHnNx2s4X0LliTTlbbBxe07fo'),
(357, 'eyJhbGciOiJIUzI1NiIsInR5cCI6IkpXVCJ9.eyJJRCI6MSwiVVNFUk5BTUUiOiJEYW5pZWwiLCJST0xFIjoiQURNSU4iLCJQSE9UT19VUkwiOiJodHRwOi8vbG9jYWxob3N0OjMwMDIvdjEvYXNzZXRzL2RlZmF1bHQuanBnIiwiUFVCTElDX05BTUUiOiJEYW5pZWwgQ2FyZ2FyIE1haHlhciIsImlhdCI6MTY1OTgxNjAxMX0.jT61wJhfodfNhBh48F_RN0CRV3NidkF7BU6-Hh2nmvU'),
(358, 'eyJhbGciOiJIUzI1NiIsInR5cCI6IkpXVCJ9.eyJJRCI6MSwiVVNFUk5BTUUiOiJEYW5pZWwiLCJST0xFIjoiQURNSU4iLCJQSE9UT19VUkwiOiJodHRwOi8vbG9jYWxob3N0OjMwMDIvdjEvYXNzZXRzL2RlZmF1bHQuanBnIiwiUFVCTElDX05BTUUiOiJEYW5pZWwgQ2FyZ2FyIE1haHlhciIsImlhdCI6MTY1OTgxNjQ2MX0.J6pLnjJ8eynLX4qGgnqB7pSRyX2EnIN8ODjCeN9t1wk'),
(359, 'eyJhbGciOiJIUzI1NiIsInR5cCI6IkpXVCJ9.eyJJRCI6MSwiVVNFUk5BTUUiOiJEYW5pZWwiLCJST0xFIjoiQURNSU4iLCJQSE9UT19VUkwiOiJodHRwOi8vbG9jYWxob3N0OjMwMDIvdjEvYXNzZXRzL2RlZmF1bHQuanBnIiwiUFVCTElDX05BTUUiOiJEYW5pZWwgQ2FyZ2FyIE1haHlhciIsImlhdCI6MTY1OTgxNjY0MX0.uA357PLFZ37V1W8Y8B3_m40HkQugA5p7KLeOuHAvrb4'),
(360, 'eyJhbGciOiJIUzI1NiIsInR5cCI6IkpXVCJ9.eyJJRCI6MSwiVVNFUk5BTUUiOiJEYW5pZWwiLCJST0xFIjoiQURNSU4iLCJQSE9UT19VUkwiOiJodHRwOi8vbG9jYWxob3N0OjMwMDIvdjEvYXNzZXRzL2RlZmF1bHQuanBnIiwiUFVCTElDX05BTUUiOiJEYW5pZWwgQ2FyZ2FyIE1haHlhciIsImlhdCI6MTY1OTgxOTY1MH0.lPf2zDeM9n91oUK0G8J8lNUeCBlCbujk19rgZTXCdsc'),
(361, 'eyJhbGciOiJIUzI1NiIsInR5cCI6IkpXVCJ9.eyJJRCI6MSwiVVNFUk5BTUUiOiJEYW5pZWwiLCJST0xFIjoiQURNSU4iLCJQSE9UT19VUkwiOiJodHRwOi8vbG9jYWxob3N0OjMwMDIvdjEvYXNzZXRzL2RlZmF1bHQuanBnIiwiUFVCTElDX05BTUUiOiJEYW5pZWwgQ2FyZ2FyIE1haHlhciIsImlhdCI6MTY1OTgyNDIxOX0.JaAQ1tFfsU_TRauvpqltr46_qJVijD7AkcSf1gBOq4k'),
(362, 'eyJhbGciOiJIUzI1NiIsInR5cCI6IkpXVCJ9.eyJJRCI6MSwiVVNFUk5BTUUiOiJEYW5pZWwiLCJST0xFIjoiQURNSU4iLCJQSE9UT19VUkwiOiJodHRwOi8vbG9jYWxob3N0OjMwMDIvdjEvYXNzZXRzL2RlZmF1bHQuanBnIiwiUFVCTElDX05BTUUiOiJEYW5pZWwgQ2FyZ2FyIE1haHlhciIsImlhdCI6MTY1OTgyNjQxNH0.bBkV6lasX9-zJ13bzuV7ntTPKjEcQh4AQqtb4hZ_6LA'),
(363, 'eyJhbGciOiJIUzI1NiIsInR5cCI6IkpXVCJ9.eyJJRCI6MSwiVVNFUk5BTUUiOiJEYW5pZWwiLCJST0xFIjoiQURNSU4iLCJQSE9UT19VUkwiOiJodHRwOi8vbG9jYWxob3N0OjMwMDIvdjEvYXNzZXRzL2RlZmF1bHQuanBnIiwiUFVCTElDX05BTUUiOiJEYW5pZWwgQ2FyZ2FyIE1haHlhciIsImlhdCI6MTY1OTgyODA5MX0.KYWVzBSHR8pSRxncB2MYbbSRtaQLev_TvMoK1dYma6U'),
(364, 'eyJhbGciOiJIUzI1NiIsInR5cCI6IkpXVCJ9.eyJJRCI6MSwiVVNFUk5BTUUiOiJEYW5pZWwiLCJST0xFIjoiQURNSU4iLCJQSE9UT19VUkwiOiJodHRwOi8vbG9jYWxob3N0OjMwMDIvdjEvYXNzZXRzL2RlZmF1bHQuanBnIiwiUFVCTElDX05BTUUiOiJEYW5pZWwgQ2FyZ2FyIE1haHlhciIsImlhdCI6MTY1OTgyODEyOH0.g5ufeLVJU0gi1hckrxrAuPHkC-O9IowLmQrDxU2JFd4'),
(365, 'eyJhbGciOiJIUzI1NiIsInR5cCI6IkpXVCJ9.eyJJRCI6MSwiVVNFUk5BTUUiOiJEYW5pZWwiLCJST0xFIjoiQURNSU4iLCJQSE9UT19VUkwiOiJodHRwOi8vbG9jYWxob3N0OjMwMDIvdjEvYXNzZXRzL2RlZmF1bHQuanBnIiwiUFVCTElDX05BTUUiOiJEYW5pZWwgQ2FyZ2FyIE1haHlhciIsImlhdCI6MTY1OTgyOTc1OX0.Ilc2VH79HTYFvxd8IVIg64mYNZ3Iw4QLC32WfxjejV0'),
(366, 'eyJhbGciOiJIUzI1NiIsInR5cCI6IkpXVCJ9.eyJJRCI6MSwiVVNFUk5BTUUiOiJEYW5pZWwiLCJST0xFIjoiQURNSU4iLCJQSE9UT19VUkwiOiJodHRwOi8vbG9jYWxob3N0OjMwMDIvdjEvYXNzZXRzL2RlZmF1bHQuanBnIiwiUFVCTElDX05BTUUiOiJEYW5pZWwgQ2FyZ2FyIE1haHlhciIsImlhdCI6MTY1OTgzMjQ2N30.ZsYSOuQHm03mz4u_ya4R9BX_pXBPh2Ie4fPAddJMP58'),
(367, 'eyJhbGciOiJIUzI1NiIsInR5cCI6IkpXVCJ9.eyJJRCI6NywiVVNFUk5BTUUiOiJEYW5pZWxNYWh5YXIiLCJST0xFIjoiVEVBQ0hFUiIsIlBIT1RPX1VSTCI6Imh0dHA6Ly9sb2NhbGhvc3Q6MzAwMi92MS9hc3NldHMvZGVmYXVsdC5qcGciLCJQVUJMSUNfTkFNRSI6IkRhbmllbCBDYXJnYXIgTWFoeWFyIiwiaWF0IjoxNjU5ODMyODUyfQ.htMZngduWk66XceCg6GfYfmapTwy2JjvlPpvMpUAH08'),
(368, 'eyJhbGciOiJIUzI1NiIsInR5cCI6IkpXVCJ9.eyJJRCI6MSwiVVNFUk5BTUUiOiJEYW5pZWwiLCJST0xFIjoiQURNSU4iLCJQSE9UT19VUkwiOiJodHRwOi8vbG9jYWxob3N0OjMwMDIvdjEvYXNzZXRzL2RlZmF1bHQuanBnIiwiUFVCTElDX05BTUUiOiJEYW5pZWwgQ2FyZ2FyIE1haHlhciIsImlhdCI6MTY1OTkwNjA2N30.jR1ioE4XSGSgB-6wmJGP4f975sMUbSGy5T5qDiXWn8U'),
(369, 'eyJhbGciOiJIUzI1NiIsInR5cCI6IkpXVCJ9.eyJJRCI6MSwiVVNFUk5BTUUiOiJEYW5pZWwiLCJST0xFIjoiQURNSU4iLCJQSE9UT19VUkwiOiJodHRwOi8vbG9jYWxob3N0OjMwMDIvdjEvYXNzZXRzL2RlZmF1bHQuanBnIiwiUFVCTElDX05BTUUiOiJEYW5pZWwgQ2FyZ2FyIE1haHlhciIsImlhdCI6MTY1OTkwOTQ0N30.UXycIyxnzbYPFveYsgKKPc8W9bB8_vU8ZK6AjcF0XS8'),
(370, 'eyJhbGciOiJIUzI1NiIsInR5cCI6IkpXVCJ9.eyJJRCI6MSwiVVNFUk5BTUUiOiJEYW5pZWwiLCJST0xFIjoiQURNSU4iLCJQSE9UT19VUkwiOiJodHRwOi8vbG9jYWxob3N0OjMwMDIvdjEvYXNzZXRzL2RlZmF1bHQuanBnIiwiUFVCTElDX05BTUUiOiJEYW5pZWwgQ2FyZ2FyIE1haHlhciIsImlhdCI6MTY1OTkwOTUyMn0.kEmuwI91xm6LY7ly5aaZA79HoyUCadYLvjwPQB7LDv0'),
(371, 'eyJhbGciOiJIUzI1NiIsInR5cCI6IkpXVCJ9.eyJJRCI6MSwiVVNFUk5BTUUiOiJEYW5pZWwiLCJST0xFIjoiQURNSU4iLCJQSE9UT19VUkwiOiJodHRwOi8vbG9jYWxob3N0OjMwMDIvdjEvYXNzZXRzL2RlZmF1bHQuanBnIiwiUFVCTElDX05BTUUiOiJEYW5pZWwgQ2FyZ2FyIE1haHlhciIsImlhdCI6MTY1OTkxMDA2M30.Gk6MPowpnbn0b9wL2d-M7Ivbrg25yFiRu_7i6L3dR1c'),
(372, 'eyJhbGciOiJIUzI1NiIsInR5cCI6IkpXVCJ9.eyJJRCI6MSwiVVNFUk5BTUUiOiJEYW5pZWwiLCJST0xFIjoiQURNSU4iLCJQSE9UT19VUkwiOiJodHRwOi8vbG9jYWxob3N0OjMwMDIvdjEvYXNzZXRzL2RlZmF1bHQuanBnIiwiUFVCTElDX05BTUUiOiJEYW5pZWwgQ2FyZ2FyIE1haHlhciIsImlhdCI6MTY1OTkxMDUxOH0.bbrtHGKvZy68XmKRoVztVpj51QVPDc1cv1QkOnxepbE'),
(373, 'eyJhbGciOiJIUzI1NiIsInR5cCI6IkpXVCJ9.eyJJRCI6MSwiVVNFUk5BTUUiOiJEYW5pZWwiLCJST0xFIjoiQURNSU4iLCJQSE9UT19VUkwiOiJodHRwOi8vbG9jYWxob3N0OjMwMDIvdjEvYXNzZXRzL2RlZmF1bHQuanBnIiwiUFVCTElDX05BTUUiOiJEYW5pZWwgQ2FyZ2FyIE1haHlhciIsImlhdCI6MTY1OTk3NDE4NX0.MsGA4AHLuXopGnbJuwwqS0F5k7NNumcQ3J3lCi2LZ70'),
(374, 'eyJhbGciOiJIUzI1NiIsInR5cCI6IkpXVCJ9.eyJJRCI6MSwiVVNFUk5BTUUiOiJEYW5pZWwiLCJST0xFIjoiQURNSU4iLCJQSE9UT19VUkwiOiJodHRwOi8vbG9jYWxob3N0OjMwMDIvdjEvYXNzZXRzL2RlZmF1bHQuanBnIiwiUFVCTElDX05BTUUiOiJEYW5pZWwgQ2FyZ2FyIE1haHlhciIsImlhdCI6MTY1OTk3NjM2Mn0.SS175WfWpebDm1SaUsKg0YlfVNDQDxQde3kuVXnUclk'),
(375, 'eyJhbGciOiJIUzI1NiIsInR5cCI6IkpXVCJ9.eyJJRCI6MSwiVVNFUk5BTUUiOiJEYW5pZWwiLCJST0xFIjoiQURNSU4iLCJQSE9UT19VUkwiOiJodHRwOi8vbG9jYWxob3N0OjMwMDIvdjEvYXNzZXRzL2RlZmF1bHQuanBnIiwiUFVCTElDX05BTUUiOiJEYW5pZWwgQ2FyZ2FyIE1haHlhciIsImlhdCI6MTY1OTk3NjQxMX0.MyhiB-P_-dtce86gXcHNdL0PCfzmYeySNCCGob1pkLY'),
(376, 'eyJhbGciOiJIUzI1NiIsInR5cCI6IkpXVCJ9.eyJJRCI6MSwiVVNFUk5BTUUiOiJEYW5pZWwiLCJST0xFIjoiQURNSU4iLCJQSE9UT19VUkwiOiJodHRwOi8vbG9jYWxob3N0OjMwMDIvdjEvYXNzZXRzL2RlZmF1bHQuanBnIiwiUFVCTElDX05BTUUiOiJEYW5pZWwgQ2FyZ2FyIE1haHlhciIsImlhdCI6MTY1OTk3Nzk0OX0.9Bu0b8kmWYtflNODxegojQtj-BntZM3VIk2vNYqvbrU'),
(377, 'eyJhbGciOiJIUzI1NiIsInR5cCI6IkpXVCJ9.eyJJRCI6MSwiVVNFUk5BTUUiOiJEYW5pZWwiLCJST0xFIjoiQURNSU4iLCJQSE9UT19VUkwiOiJodHRwOi8vbG9jYWxob3N0OjMwMDIvdjEvYXNzZXRzL2RlZmF1bHQuanBnIiwiUFVCTElDX05BTUUiOiJEYW5pZWwgQ2FyZ2FyIE1haHlhciIsImlhdCI6MTY1OTk3OTMzMn0.QT4rKFZ6BjgvHEYV6E9GJb_VMUCMmneux0WoTMeLMFU'),
(378, 'eyJhbGciOiJIUzI1NiIsInR5cCI6IkpXVCJ9.eyJJRCI6MSwiVVNFUk5BTUUiOiJEYW5pZWwiLCJST0xFIjoiQURNSU4iLCJQSE9UT19VUkwiOiJodHRwOi8vbG9jYWxob3N0OjMwMDIvdjEvYXNzZXRzL2RlZmF1bHQuanBnIiwiUFVCTElDX05BTUUiOiJEYW5pZWwgQ2FyZ2FyIE1haHlhciIsImlhdCI6MTY1OTk3OTc0MH0.p1TtIVAfWdvT3tYeqWVLojJx66kMo0aVWsovBfG3jGk'),
(379, 'eyJhbGciOiJIUzI1NiIsInR5cCI6IkpXVCJ9.eyJJRCI6MSwiVVNFUk5BTUUiOiJEYW5pZWwiLCJST0xFIjoiQURNSU4iLCJQSE9UT19VUkwiOiJodHRwOi8vbG9jYWxob3N0OjMwMDIvdjEvYXNzZXRzL2RlZmF1bHQuanBnIiwiUFVCTElDX05BTUUiOiJEYW5pZWwgQ2FyZ2FyIE1haHlhciIsImlhdCI6MTY2MDE2Njk0NCwiZXhwIjoxNjYwMTY2OTk0fQ.cyU4rnNdyURLIhpH0Z5XsQMZujVDlM-Q65GE4bqRi44'),
(380, 'eyJhbGciOiJIUzI1NiIsInR5cCI6IkpXVCJ9.eyJJRCI6MSwiVVNFUk5BTUUiOiJEYW5pZWwiLCJST0xFIjoiQURNSU4iLCJQSE9UT19VUkwiOiJodHRwOi8vbG9jYWxob3N0OjMwMDIvdjEvYXNzZXRzL2RlZmF1bHQuanBnIiwiUFVCTElDX05BTUUiOiJEYW5pZWwgQ2FyZ2FyIE1haHlhciIsImlhdCI6MTY2MDE2NzI4OCwiZXhwIjoxNjYwMTY3MzM4fQ.mDtjKs53xwhLrVo_0eos7ArTvLITSkz0aWt50LUcVTc'),
(381, 'eyJhbGciOiJIUzI1NiIsInR5cCI6IkpXVCJ9.eyJJRCI6MSwiVVNFUk5BTUUiOiJEYW5pZWwiLCJST0xFIjoiQURNSU4iLCJQSE9UT19VUkwiOiJodHRwOi8vbG9jYWxob3N0OjMwMDIvdjEvYXNzZXRzL2RlZmF1bHQuanBnIiwiUFVCTElDX05BTUUiOiJEYW5pZWwgQ2FyZ2FyIE1haHlhciIsImlhdCI6MTY2MDE2NzM0NSwiZXhwIjoxNjYwMTY3Mzk1fQ.h4as8DB8C_-Mln7ZZd-KPLkvhvTXgSmoL27IF4vS9Ms'),
(382, 'eyJhbGciOiJIUzI1NiIsInR5cCI6IkpXVCJ9.eyJJRCI6MSwiVVNFUk5BTUUiOiJEYW5pZWwiLCJST0xFIjoiQURNSU4iLCJQSE9UT19VUkwiOiJodHRwOi8vbG9jYWxob3N0OjMwMDIvdjEvYXNzZXRzL2RlZmF1bHQuanBnIiwiUFVCTElDX05BTUUiOiJEYW5pZWwgQ2FyZ2FyIE1haHlhciIsImlhdCI6MTY2MDY4MTQ1MCwiZXhwIjoxNjYwNjgxNTAwfQ.3yAvdjU8UfQTV3XnUqnd0mTf_R3MKYRgPjr5L7x-erQ'),
(383, 'eyJhbGciOiJIUzI1NiIsInR5cCI6IkpXVCJ9.eyJJRCI6MSwiVVNFUk5BTUUiOiJEYW5pZWwiLCJST0xFIjoiQURNSU4iLCJQSE9UT19VUkwiOiJodHRwOi8vbG9jYWxob3N0OjMwMDIvdjEvYXNzZXRzL2RlZmF1bHQuanBnIiwiUFVCTElDX05BTUUiOiJEYW5pZWwgQ2FyZ2FyIE1haHlhciIsImlhdCI6MTY2MDY4MjIyMiwiZXhwIjoxNjYwNjgyMjcyfQ.97fjnaPBoZ8YqrzWvxnpbc_G5ycNLqBUOpdtNlnbMTU'),
(384, 'eyJhbGciOiJIUzI1NiIsInR5cCI6IkpXVCJ9.eyJJRCI6MSwiVVNFUk5BTUUiOiJEYW5pZWwiLCJST0xFIjoiQURNSU4iLCJQSE9UT19VUkwiOiJodHRwOi8vbG9jYWxob3N0OjMwMDIvdjEvYXNzZXRzL2RlZmF1bHQuanBnIiwiUFVCTElDX05BTUUiOiJEYW5pZWwgQ2FyZ2FyIE1haHlhciIsImlhdCI6MTY2MDY4MjMwOCwiZXhwIjoxNjYwNjgyMzU4fQ.NjcFNE7JxtaIZp0rWOds8ADPJ5k1ODdxTn59ys-cbu0'),
(385, 'eyJhbGciOiJIUzI1NiIsInR5cCI6IkpXVCJ9.eyJJRCI6MSwiVVNFUk5BTUUiOiJEYW5pZWwiLCJST0xFIjoiQURNSU4iLCJQSE9UT19VUkwiOiJodHRwOi8vbG9jYWxob3N0OjMwMDIvdjEvYXNzZXRzL2RlZmF1bHQuanBnIiwiUFVCTElDX05BTUUiOiJEYW5pZWwgQ2FyZ2FyIE1haHlhciIsImlhdCI6MTY2MDY4NTE4NiwiZXhwIjoxNjYwNjg1MjM2fQ.95HgbGrJS2NME4pLqVS1CYs757sr52GHGse8zz7Kvjw'),
(386, 'eyJhbGciOiJIUzI1NiIsInR5cCI6IkpXVCJ9.eyJJRCI6MSwiVVNFUk5BTUUiOiJEYW5pZWwiLCJST0xFIjoiQURNSU4iLCJQSE9UT19VUkwiOiJodHRwOi8vbG9jYWxob3N0OjMwMDIvdjEvYXNzZXRzL2RlZmF1bHQuanBnIiwiUFVCTElDX05BTUUiOiJEYW5pZWwgQ2FyZ2FyIE1haHlhciIsImlhdCI6MTY2MTAxNzY1MCwiZXhwIjoxNjYxMDE3NzAwfQ.5sXeFbZQsvwwB4lso48k_ls5JsEGFxWQSvJ5QJFnXBA'),
(387, 'eyJhbGciOiJIUzI1NiIsInR5cCI6IkpXVCJ9.eyJJRCI6MSwiVVNFUk5BTUUiOiJEYW5pZWwiLCJST0xFIjoiQURNSU4iLCJQSE9UT19VUkwiOiJodHRwOi8vbG9jYWxob3N0OjMwMDIvdjEvYXNzZXRzL2RlZmF1bHQuanBnIiwiUFVCTElDX05BTUUiOiJEYW5pZWwgQ2FyZ2FyIE1haHlhciIsImlhdCI6MTY2MTAxNzgwOCwiZXhwIjoxNjYxMDE3ODU4fQ.inzDRO0taIjgZJ05Tdup3GsLGH1EbmldedNnL3UPia0'),
(388, 'eyJhbGciOiJIUzI1NiIsInR5cCI6IkpXVCJ9.eyJJRCI6MSwiVVNFUk5BTUUiOiJEYW5pZWwiLCJST0xFIjoiQURNSU4iLCJQSE9UT19VUkwiOiJodHRwOi8vbG9jYWxob3N0OjMwMDIvdjEvYXNzZXRzL2RlZmF1bHQuanBnIiwiUFVCTElDX05BTUUiOiJEYW5pZWwgQ2FyZ2FyIE1haHlhciIsImlhdCI6MTY2MTAxODkwNCwiZXhwIjoxNjYxMDE4OTU0fQ.Y7XGBDQ2nUZ_8WxdYOAobH3MUW0efivficy4XsojS34'),
(389, 'eyJhbGciOiJIUzI1NiIsInR5cCI6IkpXVCJ9.eyJJRCI6MSwiVVNFUk5BTUUiOiJEYW5pZWwiLCJST0xFIjoiQURNSU4iLCJQSE9UT19VUkwiOiJodHRwOi8vbG9jYWxob3N0OjMwMDIvdjEvYXNzZXRzL2RlZmF1bHQuanBnIiwiUFVCTElDX05BTUUiOiJEYW5pZWwgQ2FyZ2FyIE1haHlhciIsImlhdCI6MTY2MTQ0OTczMSwiZXhwIjoxNjYxNDQ5NzgxfQ.dIdeypX6NMO5NNcg74PzegJX5TWTtsWsmy1JEU4D5W8'),
(390, 'eyJhbGciOiJIUzI1NiIsInR5cCI6IkpXVCJ9.eyJJRCI6MSwiVVNFUk5BTUUiOiJEYW5pZWwiLCJST0xFIjoiQURNSU4iLCJQSE9UT19VUkwiOiJodHRwOi8vbG9jYWxob3N0OjMwMDIvdjEvYXNzZXRzL2RlZmF1bHQuanBnIiwiUFVCTElDX05BTUUiOiJEYW5pZWwgQ2FyZ2FyIE1haHlhciIsImlhdCI6MTY2MTQ1NTc1MywiZXhwIjoxNjYxNDU1ODAzfQ.QP2EGcWRwxDVFc0__Haf3Ei5GmismwoGxj2kQTFENCY'),
(391, 'eyJhbGciOiJIUzI1NiIsInR5cCI6IkpXVCJ9.eyJJRCI6NTIsIlVTRVJOQU1FIjoiSm9obiBEb2UiLCJST0xFIjoiU1RVREVOVCIsIlBIT1RPX1VSTCI6Imh0dHA6Ly9sb2NhbGhvc3Q6MzAwMi92MS9hc3NldHMvZGVmYXVsdC5qcGciLCJQVUJMSUNfTkFNRSI6IkpvaG4gRG9lIiwiaWF0IjoxNjYxNDU4NDQ2LCJleHAiOjE2NjE0NTg0OTZ9.nZiWZXkIe12qjm4fjZx_GymukmQnvKQPMO6aXBQEeM8'),
(392, 'eyJhbGciOiJIUzI1NiIsInR5cCI6IkpXVCJ9.eyJJRCI6NTIsIlVTRVJOQU1FIjoiSm9obiBEb2UiLCJST0xFIjoiU1RVREVOVCIsIlBIT1RPX1VSTCI6Imh0dHA6Ly9sb2NhbGhvc3Q6MzAwMi92MS9hc3NldHMvZGVmYXVsdC5qcGciLCJQVUJMSUNfTkFNRSI6IkpvaG4gRG9lIiwiaWF0IjoxNjYxNDU4NjQ2LCJleHAiOjE2NjE0NTg2OTZ9.pjf9WFJBLubZg9I7zQM-0Z3RwlcGHLhfPXfCv_pfxHc'),
(393, 'eyJhbGciOiJIUzI1NiIsInR5cCI6IkpXVCJ9.eyJJRCI6NTIsIlVTRVJOQU1FIjoiSm9obiBEb2UiLCJST0xFIjoiU1RVREVOVCIsIlBIT1RPX1VSTCI6Imh0dHA6Ly9sb2NhbGhvc3Q6MzAwMi92MS9hc3NldHMvZGVmYXVsdC5qcGciLCJQVUJMSUNfTkFNRSI6IkpvaG4gRG9lIiwiaWF0IjoxNjYxNTM4MDk1LCJleHAiOjE2NjE1MzgxNDV9.o6rj4Qu4Ec4MPg8gBPXxC1ji3_kODLafkhW_8xudw70'),
(394, 'eyJhbGciOiJIUzI1NiIsInR5cCI6IkpXVCJ9.eyJJRCI6MSwiVVNFUk5BTUUiOiJEYW5pZWwiLCJST0xFIjoiQURNSU4iLCJQSE9UT19VUkwiOiJodHRwOi8vbG9jYWxob3N0OjMwMDIvdjEvYXNzZXRzL2RlZmF1bHQuanBnIiwiUFVCTElDX05BTUUiOiJEYW5pZWwgQ2FyZ2FyIE1haHlhciIsImlhdCI6MTY2MTU0MDAyMywiZXhwIjoxNjYxNTQwMDczfQ.39zmnZ5HwMuCXfNdTaLKd8wVnI8uesvyc7HaPM-KiR8'),
(395, 'eyJhbGciOiJIUzI1NiIsInR5cCI6IkpXVCJ9.eyJJRCI6NTIsIlVTRVJOQU1FIjoiSm9obiBEb2UiLCJST0xFIjoiU1RVREVOVCIsIlBIT1RPX1VSTCI6Imh0dHA6Ly9sb2NhbGhvc3Q6MzAwMi92MS9hc3NldHMvZGVmYXVsdC5qcGciLCJQVUJMSUNfTkFNRSI6IkpvaG4gRG9lIiwiaWF0IjoxNjYxNTQwMzAzLCJleHAiOjE2NjE1NDAzNTN9.Yk-U9zWZ6ksi3ZO-z1F5Ge1MQ3wOaGce00aF0Vx-S0A'),
(396, 'eyJhbGciOiJIUzI1NiIsInR5cCI6IkpXVCJ9.eyJJRCI6NTIsIlVTRVJOQU1FIjoiSm9obiBEb2UiLCJST0xFIjoiU1RVREVOVCIsIlBIT1RPX1VSTCI6Imh0dHA6Ly9sb2NhbGhvc3Q6MzAwMi92MS9hc3NldHMvZGVmYXVsdC5qcGciLCJQVUJMSUNfTkFNRSI6IkpvaG4gRG9lIiwiaWF0IjoxNjYxNTQwNTc2LCJleHAiOjE2NjE1NDA2MjZ9.5qvyI2uuYNhrVK-weaVctw2pslOr5DlLegvff9UhWx0'),
(397, 'eyJhbGciOiJIUzI1NiIsInR5cCI6IkpXVCJ9.eyJJRCI6NTIsIlVTRVJOQU1FIjoiSm9obiBEb2UiLCJST0xFIjoiU1RVREVOVCIsIlBIT1RPX1VSTCI6Imh0dHA6Ly9sb2NhbGhvc3Q6MzAwMi92MS9hc3NldHMvZGVmYXVsdC5qcGciLCJQVUJMSUNfTkFNRSI6IkpvaG4gRG9lIiwiaWF0IjoxNjYxNTQwNjYwLCJleHAiOjE2NjE1NDA3MTB9.I3WfM8dc6n8RglT2m9eX1P77GOBqhVWKDHIw3aOxeqE'),
(398, 'eyJhbGciOiJIUzI1NiIsInR5cCI6IkpXVCJ9.eyJJRCI6NTIsIlVTRVJOQU1FIjoiSm9obiBEb2UiLCJST0xFIjoiU1RVREVOVCIsIlBIT1RPX1VSTCI6Imh0dHA6Ly9sb2NhbGhvc3Q6MzAwMi92MS9hc3NldHMvZGVmYXVsdC5qcGciLCJQVUJMSUNfTkFNRSI6IkpvaG4gRG9lIiwiaWF0IjoxNjYxNTQwNzM0LCJleHAiOjE2NjE1NDA3ODR9.XPJ-pCHzeay2rsI-0ybJR2ScFS0Q3rd6nEtoy3fv5Wg'),
(399, 'eyJhbGciOiJIUzI1NiIsInR5cCI6IkpXVCJ9.eyJJRCI6NTIsIlVTRVJOQU1FIjoiSm9obiBEb2UiLCJST0xFIjoiU1RVREVOVCIsIlBIT1RPX1VSTCI6Imh0dHA6Ly9sb2NhbGhvc3Q6MzAwMi92MS9hc3NldHMvZGVmYXVsdC5qcGciLCJQVUJMSUNfTkFNRSI6IkpvaG4gRG9lIiwiaWF0IjoxNjYxNTQwNzcyLCJleHAiOjE2NjE1NDA4MjJ9.BQhNTiZ-YhblSMZs1rBO4qDKb5r73wAlG_wfZjOc5ZU'),
(400, 'eyJhbGciOiJIUzI1NiIsInR5cCI6IkpXVCJ9.eyJJRCI6NTIsIlVTRVJOQU1FIjoiSm9obiBEb2UiLCJST0xFIjoiU1RVREVOVCIsIlBIT1RPX1VSTCI6Imh0dHA6Ly9sb2NhbGhvc3Q6MzAwMi92MS9hc3NldHMvZGVmYXVsdC5qcGciLCJQVUJMSUNfTkFNRSI6IkpvaG4gRG9lIiwiaWF0IjoxNjYxNTQwOTgzLCJleHAiOjE2NjE1NDEwMzN9.DoI7ech1up49IhsVZDp_XenIQqOUaDTr6lbGrMRuEUY'),
(401, 'eyJhbGciOiJIUzI1NiIsInR5cCI6IkpXVCJ9.eyJJRCI6NTIsIlVTRVJOQU1FIjoiSm9obiBEb2UiLCJST0xFIjoiU1RVREVOVCIsIlBIT1RPX1VSTCI6Imh0dHA6Ly9sb2NhbGhvc3Q6MzAwMi92MS9hc3NldHMvZGVmYXVsdC5qcGciLCJQVUJMSUNfTkFNRSI6IkpvaG4gRG9lIiwiaWF0IjoxNjYxNTQxNzgzLCJleHAiOjE2NjE1NDE4MzN9.5K5u3_Xu63UJMDZwpH5hegxULnLYybbo7srj8eEaB28'),
(402, 'eyJhbGciOiJIUzI1NiIsInR5cCI6IkpXVCJ9.eyJJRCI6NTIsIlVTRVJOQU1FIjoiSm9obiBEb2UiLCJST0xFIjoiU1RVREVOVCIsIlBIT1RPX1VSTCI6Imh0dHA6Ly9sb2NhbGhvc3Q6MzAwMi92MS9hc3NldHMvZGVmYXVsdC5qcGciLCJQVUJMSUNfTkFNRSI6IkpvaG4gRG9lIiwiaWF0IjoxNjYxNTQxOTg2LCJleHAiOjE2NjE1NDIwMzZ9.kJ04LsoVsx2vEvCnFAgnhCUk6-dtcDw4-io1y3xfsds'),
(403, 'eyJhbGciOiJIUzI1NiIsInR5cCI6IkpXVCJ9.eyJJRCI6NTIsIlVTRVJOQU1FIjoiSm9obiBEb2UiLCJST0xFIjoiU1RVREVOVCIsIlBIT1RPX1VSTCI6Imh0dHA6Ly9sb2NhbGhvc3Q6MzAwMi92MS9hc3NldHMvZGVmYXVsdC5qcGciLCJQVUJMSUNfTkFNRSI6IkpvaG4gRG9lIiwiaWF0IjoxNjYxNTQyMDY0LCJleHAiOjE2NjE1NDIxMTR9._2BVDEGcIfEutmnkNCN1F3yN4hGihTxNc45E4t8SJLA'),
(404, 'eyJhbGciOiJIUzI1NiIsInR5cCI6IkpXVCJ9.eyJJRCI6NTIsIlVTRVJOQU1FIjoiSm9obiBEb2UiLCJST0xFIjoiU1RVREVOVCIsIlBIT1RPX1VSTCI6Imh0dHA6Ly9sb2NhbGhvc3Q6MzAwMi92MS9hc3NldHMvZGVmYXVsdC5qcGciLCJQVUJMSUNfTkFNRSI6IkpvaG4gRG9lIiwiaWF0IjoxNjYxNTQyODQ2LCJleHAiOjE2NjE1NDI4OTZ9.lC0d5l-AwCGL0FqirGTL1_RRhRKTn3zf5fJ7UUffiuk'),
(405, 'eyJhbGciOiJIUzI1NiIsInR5cCI6IkpXVCJ9.eyJJRCI6NTIsIlVTRVJOQU1FIjoiSm9obiBEb2UiLCJST0xFIjoiU1RVREVOVCIsIlBIT1RPX1VSTCI6Imh0dHA6Ly9sb2NhbGhvc3Q6MzAwMi92MS9hc3NldHMvZGVmYXVsdC5qcGciLCJQVUJMSUNfTkFNRSI6IkpvaG4gRG9lIiwiaWF0IjoxNjYxNTQ0ODc0LCJleHAiOjE2NjE1NDQ5MjR9.lp64-fQGt9XIGwfizLepiCyZ9SQd4T0wqCXzVuKlYnQ'),
(406, 'eyJhbGciOiJIUzI1NiIsInR5cCI6IkpXVCJ9.eyJJRCI6NTIsIlVTRVJOQU1FIjoiSm9obiBEb2UiLCJST0xFIjoiU1RVREVOVCIsIlBIT1RPX1VSTCI6Imh0dHA6Ly9sb2NhbGhvc3Q6MzAwMi92MS9hc3NldHMvZGVmYXVsdC5qcGciLCJQVUJMSUNfTkFNRSI6IkpvaG4gRG9lIiwiaWF0IjoxNjYxNTQ1ODgxLCJleHAiOjE2NjE1NDU5MzF9.3vNfT1wAEjk4RVMkXMn554sDlHD4dydhvqMuR-vX-yg'),
(407, 'eyJhbGciOiJIUzI1NiIsInR5cCI6IkpXVCJ9.eyJJRCI6NTIsIlVTRVJOQU1FIjoiSm9obiBEb2UiLCJST0xFIjoiU1RVREVOVCIsIlBIT1RPX1VSTCI6Imh0dHA6Ly9sb2NhbGhvc3Q6MzAwMi92MS9hc3NldHMvZGVmYXVsdC5qcGciLCJQVUJMSUNfTkFNRSI6IkpvaG4gRG9lIiwiaWF0IjoxNjYxNTQ2MjU2LCJleHAiOjE2NjE1NDYzMDZ9.atDwXOr9AXtWNHBR6VBmLzjpf8A922KbRaKtONbMplY'),
(408, 'eyJhbGciOiJIUzI1NiIsInR5cCI6IkpXVCJ9.eyJJRCI6NTIsIlVTRVJOQU1FIjoiSm9obiBEb2UiLCJST0xFIjoiU1RVREVOVCIsIlBIT1RPX1VSTCI6Imh0dHA6Ly9sb2NhbGhvc3Q6MzAwMi92MS9hc3NldHMvZGVmYXVsdC5qcGciLCJQVUJMSUNfTkFNRSI6IkpvaG4gRG9lIiwiaWF0IjoxNjYxNTQ3MTI0LCJleHAiOjE2NjE1NDcxNzR9.LSp7vdpJJsSX2bvhbMzay-goYTfRo2J4LhGA1k8Smug'),
(409, 'eyJhbGciOiJIUzI1NiIsInR5cCI6IkpXVCJ9.eyJJRCI6NTIsIlVTRVJOQU1FIjoiSm9obiBEb2UiLCJST0xFIjoiU1RVREVOVCIsIlBIT1RPX1VSTCI6Imh0dHA6Ly9sb2NhbGhvc3Q6MzAwMi92MS9hc3NldHMvZGVmYXVsdC5qcGciLCJQVUJMSUNfTkFNRSI6IkpvaG4gRG9lIiwiaWF0IjoxNjYxNTQ3NjExLCJleHAiOjE2NjE1NDc2NjF9.Qg21RGBgLYlrXwItFLQH9IRgHamNxUWgpdcmlzqNqaM'),
(410, 'eyJhbGciOiJIUzI1NiIsInR5cCI6IkpXVCJ9.eyJJRCI6NTIsIlVTRVJOQU1FIjoiSm9obiBEb2UiLCJST0xFIjoiU1RVREVOVCIsIlBIT1RPX1VSTCI6Imh0dHA6Ly9sb2NhbGhvc3Q6MzAwMi92MS9hc3NldHMvZGVmYXVsdC5qcGciLCJQVUJMSUNfTkFNRSI6IkpvaG4gRG9lIiwiaWF0IjoxNjYxNTQ4MzYyLCJleHAiOjE2NjE1NDg0MTJ9.DrA3bWP6FAWXJepnVorpLZJ52vDT8ifiiS_gdoHzh5k'),
(411, 'eyJhbGciOiJIUzI1NiIsInR5cCI6IkpXVCJ9.eyJJRCI6NTIsIlVTRVJOQU1FIjoiSm9obiBEb2UiLCJST0xFIjoiU1RVREVOVCIsIlBIT1RPX1VSTCI6Imh0dHA6Ly9sb2NhbGhvc3Q6MzAwMi92MS9hc3NldHMvZGVmYXVsdC5qcGciLCJQVUJMSUNfTkFNRSI6IkpvaG4gRG9lIiwiaWF0IjoxNjYxNTQ4NTE4LCJleHAiOjE2NjE1NDg1Njh9.5avjah_H27MsM3QgClCEKm0Glj8EyuajKD4134613NQ'),
(412, 'eyJhbGciOiJIUzI1NiIsInR5cCI6IkpXVCJ9.eyJJRCI6MSwiVVNFUk5BTUUiOiJEYW5pZWwiLCJST0xFIjoiQURNSU4iLCJQSE9UT19VUkwiOiJodHRwOi8vbG9jYWxob3N0OjMwMDIvdjEvYXNzZXRzL2RlZmF1bHQuanBnIiwiUFVCTElDX05BTUUiOiJEYW5pZWwgQ2FyZ2FyIE1haHlhciIsImlhdCI6MTY2MTU5NjkyNywiZXhwIjoxNjYxNTk2OTc3fQ.0K9fF5Nb7PGsubuANaJRotCIlUm9AgjRvuanGK75aEc'),
(413, 'eyJhbGciOiJIUzI1NiIsInR5cCI6IkpXVCJ9.eyJJRCI6NTIsIlVTRVJOQU1FIjoiSm9obiBEb2UiLCJST0xFIjoiU1RVREVOVCIsIlBIT1RPX1VSTCI6Imh0dHA6Ly9sb2NhbGhvc3Q6MzAwMi92MS9hc3NldHMvZGVmYXVsdC5qcGciLCJQVUJMSUNfTkFNRSI6IkpvaG4gRG9lIiwiaWF0IjoxNjYxNTk2OTYyLCJleHAiOjE2NjE1OTcwMTJ9.oomNw2nmV1H7l3I2AmcKdVOdfgSze7qnvDL4fFfj6Zw'),
(414, 'eyJhbGciOiJIUzI1NiIsInR5cCI6IkpXVCJ9.eyJJRCI6NTIsIlVTRVJOQU1FIjoiSm9obiBEb2UiLCJST0xFIjoiU1RVREVOVCIsIlBIT1RPX1VSTCI6Imh0dHA6Ly9sb2NhbGhvc3Q6MzAwMi92MS9hc3NldHMvZGVmYXVsdC5qcGciLCJQVUJMSUNfTkFNRSI6IkpvaG4gRG9lIiwiaWF0IjoxNjYxNTk3MDM4LCJleHAiOjE2NjE1OTcwODh9.SyR0o7dNeO7NwD9ryInOppxdK8mcPAvlpp05FWC3JrA'),
(415, 'eyJhbGciOiJIUzI1NiIsInR5cCI6IkpXVCJ9.eyJJRCI6NTIsIlVTRVJOQU1FIjoiSm9obiBEb2UiLCJST0xFIjoiU1RVREVOVCIsIlBIT1RPX1VSTCI6Imh0dHA6Ly9sb2NhbGhvc3Q6MzAwMi92MS9hc3NldHMvZGVmYXVsdC5qcGciLCJQVUJMSUNfTkFNRSI6IkpvaG4gRG9lIiwiaWF0IjoxNjYxNTk3MTg2LCJleHAiOjE2NjE1OTcyMzZ9.kYEfYUwRVi_BjLpm_fNKJBR8_KNH1h-ETxE8Pc2qHdg'),
(416, 'eyJhbGciOiJIUzI1NiIsInR5cCI6IkpXVCJ9.eyJJRCI6NTIsIlVTRVJOQU1FIjoiSm9obiBEb2UiLCJST0xFIjoiU1RVREVOVCIsIlBIT1RPX1VSTCI6Imh0dHA6Ly9sb2NhbGhvc3Q6MzAwMi92MS9hc3NldHMvZGVmYXVsdC5qcGciLCJQVUJMSUNfTkFNRSI6IkpvaG4gRG9lIiwiaWF0IjoxNjYxNTk3MzkwLCJleHAiOjE2NjE1OTc0NDB9.pKdxhrYk6Cre3YknpXjMSwLJjCGPBije54SN_l8oMl0'),
(417, 'eyJhbGciOiJIUzI1NiIsInR5cCI6IkpXVCJ9.eyJJRCI6NTIsIlVTRVJOQU1FIjoiSm9obiBEb2UiLCJST0xFIjoiU1RVREVOVCIsIlBIT1RPX1VSTCI6Imh0dHA6Ly9sb2NhbGhvc3Q6MzAwMi92MS9hc3NldHMvZGVmYXVsdC5qcGciLCJQVUJMSUNfTkFNRSI6IkpvaG4gRG9lIiwiaWF0IjoxNjYxNTk3ODE5LCJleHAiOjE2NjE1OTc4Njl9.iTygCB-8Uj7TNL8j8lGQJtIbz1ivos-9w7YTiNDs698'),
(418, 'eyJhbGciOiJIUzI1NiIsInR5cCI6IkpXVCJ9.eyJJRCI6NTIsIlVTRVJOQU1FIjoiSm9obiBEb2UiLCJST0xFIjoiU1RVREVOVCIsIlBIT1RPX1VSTCI6Imh0dHA6Ly9sb2NhbGhvc3Q6MzAwMi92MS9hc3NldHMvZGVmYXVsdC5qcGciLCJQVUJMSUNfTkFNRSI6IkpvaG4gRG9lIiwiaWF0IjoxNjYxNTk3OTQ5LCJleHAiOjE2NjE1OTc5OTl9.BdRqX_8XMBYGda7iT9aysqIwM1ZYPcMPXpcFImHqmzU'),
(419, 'eyJhbGciOiJIUzI1NiIsInR5cCI6IkpXVCJ9.eyJJRCI6NTIsIlVTRVJOQU1FIjoiSm9obiBEb2UiLCJST0xFIjoiU1RVREVOVCIsIlBIT1RPX1VSTCI6Imh0dHA6Ly9sb2NhbGhvc3Q6MzAwMi92MS9hc3NldHMvZGVmYXVsdC5qcGciLCJQVUJMSUNfTkFNRSI6IkpvaG4gRG9lIiwiaWF0IjoxNjYxNTk4MDkyLCJleHAiOjE2NjE1OTgxNDJ9.WoeYgGm3uKegbyteANPInqqk-tYiNVGWwP0_nldAK-8'),
(420, 'eyJhbGciOiJIUzI1NiIsInR5cCI6IkpXVCJ9.eyJJRCI6NTIsIlVTRVJOQU1FIjoiSm9obiBEb2UiLCJST0xFIjoiU1RVREVOVCIsIlBIT1RPX1VSTCI6Imh0dHA6Ly9sb2NhbGhvc3Q6MzAwMi92MS9hc3NldHMvZGVmYXVsdC5qcGciLCJQVUJMSUNfTkFNRSI6IkpvaG4gRG9lIiwiaWF0IjoxNjYxNTk4MzMwLCJleHAiOjE2NjE1OTgzODB9.SFVSugxRYw0__1trGv5yXaWWRCwkYDJVq1Ixh7ULRXU'),
(421, 'eyJhbGciOiJIUzI1NiIsInR5cCI6IkpXVCJ9.eyJJRCI6NTIsIlVTRVJOQU1FIjoiSm9obiBEb2UiLCJST0xFIjoiU1RVREVOVCIsIlBIT1RPX1VSTCI6Imh0dHA6Ly9sb2NhbGhvc3Q6MzAwMi92MS9hc3NldHMvZGVmYXVsdC5qcGciLCJQVUJMSUNfTkFNRSI6IkpvaG4gRG9lIiwiaWF0IjoxNjYxNTk4NTY2LCJleHAiOjE2NjE1OTg2MTZ9.EeUJBW-YYlx9WzNv1T5mUQ_e7qNVQ9Qm2uSuSLusGik'),
(422, 'eyJhbGciOiJIUzI1NiIsInR5cCI6IkpXVCJ9.eyJJRCI6NTIsIlVTRVJOQU1FIjoiSm9obiBEb2UiLCJST0xFIjoiU1RVREVOVCIsIlBIT1RPX1VSTCI6Imh0dHA6Ly9sb2NhbGhvc3Q6MzAwMi92MS9hc3NldHMvZGVmYXVsdC5qcGciLCJQVUJMSUNfTkFNRSI6IkpvaG4gRG9lIiwiaWF0IjoxNjYxNTk4OTMzLCJleHAiOjE2NjE1OTg5ODN9.CgYZpqytulJu2uohULzVyPKjvJdt0IKKDBkkDx4QSGU'),
(423, 'eyJhbGciOiJIUzI1NiIsInR5cCI6IkpXVCJ9.eyJJRCI6NTIsIlVTRVJOQU1FIjoiSm9obiBEb2UiLCJST0xFIjoiU1RVREVOVCIsIlBIT1RPX1VSTCI6Imh0dHA6Ly9sb2NhbGhvc3Q6MzAwMi92MS9hc3NldHMvZGVmYXVsdC5qcGciLCJQVUJMSUNfTkFNRSI6IkpvaG4gRG9lIiwiaWF0IjoxNjYxNTk5MDI5LCJleHAiOjE2NjE1OTkwNzl9.hy9D6o44uTOkbLZ6HTHHFr8BQS23HX765TQI4fSIB8I'),
(424, 'eyJhbGciOiJIUzI1NiIsInR5cCI6IkpXVCJ9.eyJJRCI6NTIsIlVTRVJOQU1FIjoiSm9obiBEb2UiLCJST0xFIjoiU1RVREVOVCIsIlBIT1RPX1VSTCI6Imh0dHA6Ly9sb2NhbGhvc3Q6MzAwMi92MS9hc3NldHMvZGVmYXVsdC5qcGciLCJQVUJMSUNfTkFNRSI6IkpvaG4gRG9lIiwiaWF0IjoxNjYxNTk5MTI1LCJleHAiOjE2NjE1OTkxNzV9.2bBormHz0AZby0iJIGrKd3b3UB7M_ttNxAuJO2W3uKc'),
(425, 'eyJhbGciOiJIUzI1NiIsInR5cCI6IkpXVCJ9.eyJJRCI6NTIsIlVTRVJOQU1FIjoiSm9obiBEb2UiLCJST0xFIjoiU1RVREVOVCIsIlBIT1RPX1VSTCI6Imh0dHA6Ly9sb2NhbGhvc3Q6MzAwMi92MS9hc3NldHMvZGVmYXVsdC5qcGciLCJQVUJMSUNfTkFNRSI6IkpvaG4gRG9lIiwiaWF0IjoxNjYxNTk5MjczLCJleHAiOjE2NjE3NzIwNzN9.r5ETJRsIMD0UcR9N46NqYiUOkxy-te6ZQpkny9fmq3o'),
(426, 'eyJhbGciOiJIUzI1NiIsInR5cCI6IkpXVCJ9.eyJJRCI6NTIsIlVTRVJOQU1FIjoiSm9obiBEb2UiLCJST0xFIjoiU1RVREVOVCIsIlBIT1RPX1VSTCI6Imh0dHA6Ly9sb2NhbGhvc3Q6MzAwMi92MS9hc3NldHMvZGVmYXVsdC5qcGciLCJQVUJMSUNfTkFNRSI6IkpvaG4gRG9lIiwiaWF0IjoxNjYxNjAyNTY1LCJleHAiOjE2NjE3NzUzNjV9.V7qGBZvDP6ky0vK_Ymx0-N7SMx5PFQ_9-a-ladXKZ8Q'),
(427, 'eyJhbGciOiJIUzI1NiIsInR5cCI6IkpXVCJ9.eyJJRCI6NTIsIlVTRVJOQU1FIjoiSm9obiBEb2UiLCJST0xFIjoiU1RVREVOVCIsIlBIT1RPX1VSTCI6Imh0dHA6Ly9sb2NhbGhvc3Q6MzAwMi92MS9hc3NldHMvZGVmYXVsdC5qcGciLCJQVUJMSUNfTkFNRSI6IkpvaG4gRG9lIiwiaWF0IjoxNjYxNjA4NDQ4LCJleHAiOjE2NjE3ODEyNDh9._3koS_EQUtv_w-LhlsIQOmrfvsGfRqFh6LYr6A_vqz8'),
(428, 'eyJhbGciOiJIUzI1NiIsInR5cCI6IkpXVCJ9.eyJJRCI6NTIsIlVTRVJOQU1FIjoiSm9obiBEb2UiLCJST0xFIjoiU1RVREVOVCIsIlBIT1RPX1VSTCI6Imh0dHA6Ly9sb2NhbGhvc3Q6MzAwMi92MS9hc3NldHMvZGVmYXVsdC5qcGciLCJQVUJMSUNfTkFNRSI6IkpvaG4gRG9lIiwiaWF0IjoxNjYxNjExNzA4LCJleHAiOjE2NjE3ODQ1MDh9.5NmOf1heurGaNsm0KnmlXCjZZw-PFZDUN59a8wiGJUY'),
(429, 'eyJhbGciOiJIUzI1NiIsInR5cCI6IkpXVCJ9.eyJJRCI6NTIsIlVTRVJOQU1FIjoiSm9obiBEb2UiLCJST0xFIjoiU1RVREVOVCIsIlBIT1RPX1VSTCI6Imh0dHA6Ly9sb2NhbGhvc3Q6MzAwMi92MS9hc3NldHMvZGVmYXVsdC5qcGciLCJQVUJMSUNfTkFNRSI6IkpvaG4gRG9lIiwiaWF0IjoxNjYxNjExNzUzLCJleHAiOjE2NjE3ODQ1NTN9.ijN9Exvk-dwpnk701IV6rbZjFDeS9rlyolK9RMgkc6I'),
(430, 'eyJhbGciOiJIUzI1NiIsInR5cCI6IkpXVCJ9.eyJJRCI6NTIsIlVTRVJOQU1FIjoiSm9obiBEb2UiLCJST0xFIjoiU1RVREVOVCIsIlBIT1RPX1VSTCI6Imh0dHA6Ly9sb2NhbGhvc3Q6MzAwMi92MS9hc3NldHMvZGVmYXVsdC5qcGciLCJQVUJMSUNfTkFNRSI6IkpvaG4gRG9lIiwiaWF0IjoxNjYxNjEyNTMxLCJleHAiOjE2NjE3ODUzMzF9.5529puQ7XBpL414v9Un1EyC1E4U4VaAm76UwTXBlKRA'),
(431, 'eyJhbGciOiJIUzI1NiIsInR5cCI6IkpXVCJ9.eyJJRCI6NTIsIlVTRVJOQU1FIjoiSm9obiBEb2UiLCJST0xFIjoiU1RVREVOVCIsIlBIT1RPX1VSTCI6Imh0dHA6Ly9sb2NhbGhvc3Q6MzAwMi92MS9hc3NldHMvZGVmYXVsdC5qcGciLCJQVUJMSUNfTkFNRSI6IkpvaG4gRG9lIiwiaWF0IjoxNjYxNjE5NzgxLCJleHAiOjE2NjE3OTI1ODF9.IktI_3ePDdNVJuSU2BVpNHRD1pXZvlGWs5nIEmv8HqM'),
(432, 'eyJhbGciOiJIUzI1NiIsInR5cCI6IkpXVCJ9.eyJJRCI6NjEsIlVTRVJOQU1FIjoiRGFuaWVsX1BlZGVyc2VuIiwiUk9MRSI6IlNUVURFTlQiLCJQSE9UT19VUkwiOiJodHRwOi8vbG9jYWxob3N0OjMwMDIvdjEvYXNzZXRzL2RlZmF1bHQuanBnIiwiUFVCTElDX05BTUUiOiJEYW5pZWwgQ2FyZ2FyIE1haHlhciIsImlhdCI6MTY2MTYyNTU2OSwiZXhwIjoxNjYxNzk4MzY5fQ.cWWsPTei6SxDVkk1lHSQStSDkNdP5PQ-xoLSiRpLyCg'),
(433, 'eyJhbGciOiJIUzI1NiIsInR5cCI6IkpXVCJ9.eyJJRCI6MSwiVVNFUk5BTUUiOiJEYW5pZWwiLCJST0xFIjoiQURNSU4iLCJQSE9UT19VUkwiOiJodHRwOi8vbG9jYWxob3N0OjMwMDIvdjEvYXNzZXRzL2RlZmF1bHQuanBnIiwiUFVCTElDX05BTUUiOiJEYW5pZWwgQ2FyZ2FyIE1haHlhciIsImlhdCI6MTY2MTYyNjgzNSwiZXhwIjoxNjYxNzk5NjM1fQ.YpmEsPsVQy2GKkKEX6RUDasvsIUldEI5B5F-41X9zfY');

-- --------------------------------------------------------

--
-- Struktur-dump for tabellen students
--

CREATE TABLE students (
  STUDENT_ID int(11) NOT NULL,
  USERNAME varchar(254) NOT NULL,
  PUBLIC_NAME text NOT NULL DEFAULT 'John Doe',
  PHOTO_URL text NOT NULL DEFAULT '\'http://localhost:3002/v1/assets/default.jpg\'',
  PASSWORD longtext NOT NULL
) ENGINE=InnoDB DEFAULT CHARSET=utf8mb4;

--
-- Data dump for tabellen students
--

INSERT INTO students (STUDENT_ID, USERNAME, PUBLIC_NAME, PHOTO_URL, PASSWORD) VALUES
(52, 'John Doe', 'John Doe', 'http://localhost:3002/v1/assets/default.jpg', '$2b$10$fkS/sfbTc7EzuiLNv8J4dOI5cEaUzeSQZGksxh2vvffO2dv3O949.'),
(53, 'John Doe', 'John Doe', 'http://localhost:3002/v1/assets/default.jpg', '$2b$10$EqJhXTsXDufM4C26bCmFTOqT0sP4jEb7WjGSi0pvAlBtAEOK7AfyC'),
(54, 'Lars_Pedersen', 'John Doe', 'http://localhost:3002/v1/assets/default.jpg', '$2b$10$nO6R/sTzTbHviAEi4AGAbOsoC.qBigkga8/LEypSgpH88sWmvjpTG'),
(55, 'Lars_Pedersen', 'John Doe', 'http://localhost:3002/v1/assets/default.jpg', '$2b$10$MUxEAjk3qoDUUH9QG/9kOe79H3BcMtuo4GIx0nMM5Bk9xjx4wzeuu'),
(58, 'Lars_Pedersen', 'John Doe', 'http://localhost:3002/v1/assets/1659227503116.jpg', '$2b$10$/65txmIVsu.GMueLkKB0a.YKekbLdqv/AHghaWRUJoL.1bhPGfwoS'),
(59, 'Søren_Pedersen', 'John Doe', 'http://localhost:3002/v1/assets/1659735435301.jpg', '$2b$10$1D4LqIDZiRu08jlrveWEROrZ3mf7avgyBpMycUOWpzIMgYBKSvh0u'),
(61, 'Daniel_Pedersen', 'Daniel Cargar Mahyar', 'http://localhost:3002/v1/assets/default.jpg', '$2b$10$GQvNcdc/0k6draCfLCbv8.b/ZM9T5K1C3tqe50kz8akyhlIxJ2UX.'),
(63, 'Daniel2_Pedersen', 'John Doe', 'http://localhost:3002/v1/assets/default.jpg', '$2b$10$lrC/5aL9EekxF6.r44wxY.hog8X/3t4lTL4J4eaMH0/y2cYw6qz6a'),
(64, 'Søren22_Pedersen', 'John Doe', 'http://localhost:3002/v1/assets/1659739865873.png', '$2b$10$3jReaXmz7/Ql/yYqsabTR.fkdiSOSDDZZaIPN9nTARXyy/QrCRzfq'),
(65, 'Magnus_Larsen', 'John Doe', 'http://localhost:3002/v1/assets/1659742286661.jpg', '$2b$10$BhDNRPCsr7vwthQyD8BfjeSiu9S8Hj6MuojJ2T7OsipdzSuSyJoLy'),
(66, 'Magnus_Johansen', 'John Doe', 'http://localhost:3002/v1/assets/default.jpg', '$2b$10$PXPzu.eC91Fl/Di14snOHeSxMZVyfmMGFASrALWSn6zS59Zu6FRfi'),
(67, 'Morgen_Jogansen', 'John Doe', 'http://localhost:3002/v1/assets/1659980141445.jpg', '$2b$10$3ffzHz2U56R6Nfgb9JJVxuUs6Y8knG2gcsbpIDXHGNmgJnUDQkmHW');

-- --------------------------------------------------------

--
-- Struktur-dump for tabellen student_assignments
--

CREATE TABLE student_assignments (
  STUDENT_TASK_ID int(11) NOT NULL,
  ASSIGNMENT_ID int(11) NOT NULL,
  STUDENT_ID int(11) NOT NULL,
  STUDENT_WORK longtext DEFAULT NULL,
  GRADE text DEFAULT NULL,
  STATUS text NOT NULL
) ENGINE=InnoDB DEFAULT CHARSET=utf8mb4;

--
-- Data dump for tabellen student_assignments
--

INSERT INTO student_assignments (STUDENT_TASK_ID, ASSIGNMENT_ID, STUDENT_ID, STUDENT_WORK, GRADE, STATUS) VALUES
(40, 20, 52, NULL, '12\n', 'GRADED'),
(41, 20, 53, NULL, NULL, 'SUBMITTED'),
(42, 20, 54, NULL, NULL, 'SUBMITTED'),
(43, 20, 55, NULL, NULL, 'NOT_DONE'),
(44, 20, 58, NULL, NULL, 'NOT_DONE'),
(45, 20, 59, NULL, NULL, 'NOT_DONE'),
(46, 20, 61, NULL, NULL, 'NOT_DONE'),
(47, 20, 63, NULL, NULL, 'NOT_DONE'),
(48, 20, 64, NULL, NULL, 'SUBMITTED'),
(49, 20, 65, NULL, NULL, 'NOT_DONE'),
(50, 20, 66, NULL, NULL, 'NOT_DONE'),
(51, 21, 52, NULL, NULL, 'SUBMITTED'),
(52, 21, 53, NULL, NULL, 'NOT_DONE'),
(53, 21, 54, NULL, NULL, 'NOT_DONE'),
(54, 21, 55, NULL, NULL, 'SUBMITTED'),
(55, 21, 58, NULL, NULL, 'NOT_DONE'),
(56, 21, 59, NULL, NULL, 'NOT_DONE'),
(57, 21, 61, NULL, NULL, 'NOT_DONE'),
(58, 21, 63, NULL, NULL, 'NOT_DONE'),
(59, 21, 64, NULL, NULL, 'NOT_DONE'),
(60, 21, 65, NULL, NULL, 'NOT_DONE'),
(61, 21, 66, NULL, NULL, 'NOT_DONE'),
(62, 22, 52, NULL, NULL, 'SUBMITTED'),
(63, 22, 53, NULL, NULL, 'NOT_DONE'),
(64, 22, 54, NULL, NULL, 'NOT_DONE'),
(65, 22, 55, NULL, NULL, 'SUBMITTED'),
(66, 22, 58, NULL, NULL, 'NOT_DONE'),
(67, 22, 59, NULL, NULL, 'NOT_DONE'),
(68, 22, 61, NULL, NULL, 'NOT_DONE'),
(69, 22, 63, NULL, NULL, 'NOT_DONE'),
(70, 22, 64, NULL, NULL, 'NOT_DONE'),
(71, 22, 65, NULL, NULL, 'NOT_DONE'),
(72, 22, 66, NULL, NULL, 'NOT_DONE'),
(73, 23, 52, NULL, NULL, 'NOT_DONE'),
(74, 23, 53, NULL, NULL, 'NOT_DONE'),
(75, 23, 54, NULL, NULL, 'SUBMITTED'),
(76, 23, 55, NULL, NULL, 'NOT_DONE'),
(77, 23, 58, NULL, NULL, 'NOT_DONE'),
(78, 23, 59, NULL, NULL, 'NOT_DONE'),
(79, 23, 61, NULL, NULL, 'NOT_DONE'),
(80, 23, 63, NULL, NULL, 'NOT_DONE'),
(81, 23, 64, NULL, NULL, 'NOT_DONE'),
(82, 23, 65, NULL, NULL, 'NOT_DONE'),
(83, 23, 66, NULL, NULL, 'NOT_DONE'),
(84, 24, 52, NULL, NULL, 'NOT_DONE'),
(85, 24, 53, NULL, NULL, 'NOT_DONE'),
(86, 24, 54, NULL, NULL, 'NOT_DONE'),
(87, 24, 55, NULL, NULL, 'NOT_DONE'),
(88, 24, 58, NULL, NULL, 'NOT_DONE'),
(89, 24, 59, NULL, NULL, 'NOT_DONE'),
(90, 24, 61, NULL, NULL, 'NOT_DONE'),
(91, 24, 63, NULL, NULL, 'NOT_DONE'),
(92, 24, 64, NULL, NULL, 'NOT_DONE'),
(93, 24, 65, NULL, NULL, 'NOT_DONE'),
(94, 24, 66, NULL, NULL, 'NOT_DONE');

-- --------------------------------------------------------

--
-- Struktur-dump for tabellen student_assignment_files
--

CREATE TABLE student_assignment_files (
  STUDENT_FILE_ID int(11) NOT NULL,
  STUDENT_ID int(11) NOT NULL,
  ASSIGNMENT_ID int(11) NOT NULL,
  FILE_NAME text NOT NULL,
  FILE_URL text NOT NULL,
  UPLOADED_AT date DEFAULT current_timestamp()
) ENGINE=InnoDB DEFAULT CHARSET=utf8mb4;

--
-- Data dump for tabellen student_assignment_files
--

INSERT INTO student_assignment_files (STUDENT_FILE_ID, STUDENT_ID, ASSIGNMENT_ID, FILE_NAME, FILE_URL, UPLOADED_AT) VALUES
(8, 55, 20, 'e0c749b1-fe2c-4fb6-bdb2-5535b23e93cb.pdf', 'http://localhost:3002/v1/api/students/assignments/files/20/55-20-e0c749b1-fe2c-4fb6-bdb2-5535b23e93cb.pdf', '2022-08-07'),
(9, 55, 20, 'Daniels School (2).png', 'http://localhost:3002/v1/api/students/assignments/files/20/55-20-Daniels School (2).png', '2022-08-07'),
(13, 55, 20, 'schoolsystem.pdf', 'http://localhost:3002/v1/api/students/assignments/files/20/55-20-schoolsystem.pdf', '2022-08-07'),
(14, 55, 20, '294489155_798784297950150_4651974049471888206_n.jpg', 'http://localhost:3002/v1/api/students/assignments/files/20/55-20-294489155_798784297950150_4651974049471888206_n.jpg', '2022-08-07'),
(15, 55, 21, 'e0c749b1-fe2c-4fb6-bdb2-5535b23e93cb.pdf', 'http://localhost:3002/v1/api/students/assignments/files/21/55-21-e0c749b1-fe2c-4fb6-bdb2-5535b23e93cb.pdf', '2022-08-07'),
(16, 65, 20, 'Install-Office365.pdf', 'http://localhost:3002/v1/api/students/assignments/files/20/65-20-Install-Office365.pdf', '2022-08-07'),
(17, 65, 20, 'Daniels School.png', 'http://localhost:3002/v1/api/students/assignments/files/20/65-20-Daniels School.png', '2022-08-07'),
(18, 65, 20, 'Optagelsesbrev.pdf', 'http://localhost:3002/v1/api/students/assignments/files/20/65-20-Optagelsesbrev.pdf', '2022-08-07'),
(19, 54, 23, 'Optagelsesbrev.pdf', 'http://localhost:3002/v1/api/students/assignments/files/23/54-23-Optagelsesbrev.pdf', '2022-08-07'),
(20, 54, 21, 'e0c749b1-fe2c-4fb6-bdb2-5535b23e93cb.pdf', 'http://localhost:3002/v1/api/students/assignments/files/21/54-21-e0c749b1-fe2c-4fb6-bdb2-5535b23e93cb.pdf', '2022-08-07'),
(21, 54, 21, 'Daniels School (2).png', 'http://localhost:3002/v1/api/students/assignments/files/21/54-21-Daniels School (2).png', '2022-08-07'),
(22, 54, 21, 'Daniels School (1).png', 'http://localhost:3002/v1/api/students/assignments/files/21/54-21-Daniels School (1).png', '2022-08-07'),
(23, 54, 21, 'Daniels School.png', 'http://localhost:3002/v1/api/students/assignments/files/21/54-21-Daniels School.png', '2022-08-07'),
(24, 54, 20, 'e0c749b1-fe2c-4fb6-bdb2-5535b23e93cb.pdf', 'http://localhost:3002/v1/api/students/assignments/files/20/54-20-e0c749b1-fe2c-4fb6-bdb2-5535b23e93cb.pdf', '2022-08-07'),
(25, 54, 20, 'Daniels School (2).png', 'http://localhost:3002/v1/api/students/assignments/files/20/54-20-Daniels School (2).png', '2022-08-07'),
(26, 54, 20, 'Daniels School (1).png', 'http://localhost:3002/v1/api/students/assignments/files/20/54-20-Daniels School (1).png', '2022-08-07'),
(27, 54, 20, 'Daniels School.png', 'http://localhost:3002/v1/api/students/assignments/files/20/54-20-Daniels School.png', '2022-08-07'),
(28, 54, 20, 'Optagelsesbrev.pdf', 'http://localhost:3002/v1/api/students/assignments/files/20/54-20-Optagelsesbrev.pdf', '2022-08-07'),
(29, 54, 20, 'schoolsystem.pdf', 'http://localhost:3002/v1/api/students/assignments/files/20/54-20-schoolsystem.pdf', '2022-08-07'),
(33, 55, 22, 'e0c749b1-fe2c-4fb6-bdb2-5535b23e93cb.pdf', 'http://localhost:3002/v1/api/students/assignments/files/22/55-22-e0c749b1-fe2c-4fb6-bdb2-5535b23e93cb.pdf', '2022-08-07'),
(34, 64, 20, 'e0c749b1-fe2c-4fb6-bdb2-5535b23e93cb.pdf', 'http://localhost:3002/v1/api/students/assignments/files/20/64-20-e0c749b1-fe2c-4fb6-bdb2-5535b23e93cb.pdf', '2022-08-07'),
(35, 64, 20, 'Daniels School (2).png', 'http://localhost:3002/v1/api/students/assignments/files/20/64-20-Daniels School (2).png', '2022-08-07'),
(36, 64, 20, 'Daniels School (1).png', 'http://localhost:3002/v1/api/students/assignments/files/20/64-20-Daniels School (1).png', '2022-08-07'),
(37, 64, 20, 'Daniels School.png', 'http://localhost:3002/v1/api/students/assignments/files/20/64-20-Daniels School.png', '2022-08-07'),
(38, 52, 20, 'Optagelsesbrev.pdf', 'http://localhost:3002/v1/api/students/assignments/files/20/52-20-Optagelsesbrev.pdf', '2022-08-07'),
(39, 59, 21, 'schoolsystem.pdf', 'http://localhost:3002/v1/api/students/assignments/files/21/59-21-schoolsystem.pdf', '2022-08-07'),
(40, 58, 21, 'Daniels School (2).png', 'http://localhost:3002/v1/api/students/assignments/files/21/58-21-Daniels School (2).png', '2022-08-08'),
(41, 58, 21, 'Daniels School (1).png', 'http://localhost:3002/v1/api/students/assignments/files/21/58-21-Daniels School (1).png', '2022-08-08'),
(42, 58, 21, 'Daniels School.png', 'http://localhost:3002/v1/api/students/assignments/files/21/58-21-Daniels School.png', '2022-08-08'),
(43, 55, 20, 'Daniels School.png', 'http://localhost:3002/v1/api/students/assignments/files/20/55-20-Daniels School.png', '2022-08-10'),
(45, 52, 22, 'Resume-Daniel-Mahyar.pdf', 'http://localhost:3002/v1/api/students/assignments/files/22/52-22-Resume-Daniel-Mahyar.pdf', '2022-08-25'),
(46, 61, 20, 'Resume-Daniel-Mahyar (1).pdf', 'http://localhost:3002/v1/api/students/assignments/files/20/61-20-Resume-Daniel-Mahyar (1).pdf', '2022-08-27');

-- --------------------------------------------------------

--
-- Struktur-dump for tabellen student_infos
--

CREATE TABLE student_infos (
  STUDENT_ID int(11) NOT NULL,
  ADDRESS text NOT NULL,
  PHONE_NUMBER int(11) NOT NULL,
  EMAIL tinytext NOT NULL,
  FIRSTNAME tinytext NOT NULL,
  LASTNAME tinytext NOT NULL,
  DOB date DEFAULT current_timestamp()
) ENGINE=InnoDB DEFAULT CHARSET=utf8mb4;

--
-- Data dump for tabellen student_infos
--

INSERT INTO student_infos (STUDENT_ID, ADDRESS, PHONE_NUMBER, EMAIL, FIRSTNAME, LASTNAME, DOB) VALUES
(52, 'Solvænget 3, 4304 Lolev', 12345678, 'test@gmail.com', 'Test', 'Test', '2022-07-31'),
(53, 'Solvænget 3, 4304 Lolev', 12345678, 'test@gmail.com', 'Test', 'Test', '2022-07-31'),
(54, 'Solvænget 3, 4304 Lolev', 12345678, 'test@gmail.com', 'Test', 'Test', '2022-08-03'),
(55, 'Solvænget 3, 4304 Lolev', 12345678, 'test@gmail.com', 'Test', 'Test', '2022-08-10'),
(58, 'Solvænget 3, 4304 Lolev', 12345678, 'test@gmail.com', 'Test', 'Test', '1900-01-08'),
(59, 'Solvænget 3, 4304 Lolev', 12345678, 'test@gmail.com', 'Test', 'Test', '1900-01-18'),
(61, 'dawdasdaw, 2312 teadwa', 42424242, 'danielpedersen@gmail.com', 'Daniel', 'Pedersen', '2022-01-18'),
(62, 'dawdasdaw, 2312 teadwa', 42424242, 'danielpederdsen@gmail.com', 'Daniel2', 'Pedersen', '2022-01-18'),
(63, 'dawdasdaw, 2312 teadwa', 42424242, 'danielpederdsen@gmail.com', 'Daniel2', 'Pedersen', '2022-01-18'),
(64, 'dwadaw, 2131 dasdawda', 21212121, 'danielpedwadersen@gmail.com', 'Søren22', 'Pedersen', '2022-01-18'),
(65, 'asdawdas, 1231 dadawsdaw', 42, 'magnus@gmail.com', 'Magnus', 'Larsen', '2022-01-18'),
(66, 'dawdadw, 2131 dawsdaw', 32, 'magnusjohansen@gmail.com', 'Magnus', 'Johansen', '2022-08-06'),
(67, 'TEstvænget, 2322 Faxe', 42424242, 'morgen@gmail.com', 'Morgen', 'Jogansen', '2022-08-08');

-- --------------------------------------------------------

--
-- Struktur-dump for tabellen teachers
--

CREATE TABLE teachers (
  TEACHER_ID int(11) NOT NULL,
  EMPLOYEE_ID int(11) NOT NULL,
  PUBLIC_NAME tinytext NOT NULL,
  USERNAME tinytext NOT NULL,
  PHOTO_URL text NOT NULL DEFAULT 'http://localhost:3002/v1/assets/default.jpg',
  PASSWORD longtext NOT NULL,
  SUBJECTS text DEFAULT NULL
) ENGINE=InnoDB DEFAULT CHARSET=utf8mb4;

--
-- Data dump for tabellen teachers
--

INSERT INTO teachers (TEACHER_ID, EMPLOYEE_ID, PUBLIC_NAME, USERNAME, PHOTO_URL, PASSWORD, SUBJECTS) VALUES
(6, 10, 'Daniel Christensen', 'Daniel', 'http://localhost:3002/v1/assets/default.jpg', '$2b$10$tsdkPEC1KGDEYtF/kIVxpuQJ5XIARimAdDvNEvNPuFWg0DAytkDBm', 'Danish'),
(7, 11, 'Daniel Cargar Mahyar', 'DanielMahyar', 'http://localhost:3002/v1/assets/default.jpg', '$2b$10$kpxAB9z5jpUmk1CeXvVa4.NoNymwQ1Kg.JGAUA2rA./v6.rRK6eyy', 'Danish'),
(8, 12, 'Hans Peters', 'Daniel', 'http://localhost:3002/v1/assets/default.jpg', '$2b$10$PdtOSmZnmFxR3MyrarLLp.WgQmYlnaO1M.2JOgfe2ebCK3XuVtGhu', 'Danish'),
(9, 13, 'Hans Petersen', 'Daniel', 'http://localhost:3002/v1/assets/default.jpg', '$2b$10$9R10bFdUA7MXnpA3efUlteAp1t0y3tgM838MhM8Pnw5384drxpiyq', 'Danish'),
(10, 14, 'Rikke Johansen', 'Daniel', 'http://localhost:3002/v1/assets/default.jpg', '$2b$10$KCjp1mkl.UDLIOZo1Oh7r.nhwF8r1DecNXwgJ7e5pcBESnIKoNlJ2', 'Danish'),
(11, 15, 'Elise', 'Daniel', 'http://localhost:3002/v1/assets/default.jpg', '$2b$10$Ch67/F3.1FVxsleaq/LM3uyQcY3X.fv8ZhE6YiTBuhQbmfdZV.t62', 'Danish'),
(12, 16, 'Kindred', 'Daniel', 'http://localhost:3002/v1/assets/default.jpg', '$2b$10$3QtWGi80q1X2OhmWYnbUZuYOhoz5nUNpMwCr7sWKReZKt7Dm.8xqe', 'Danish'),
(13, 17, 'Test', 'Daniel', 'http://localhost:3002/v1/assets/default.jpg', '$2b$10$7C/79gvuayXRG2KEFK0OfeM9oUEl6Z815lYpihzizTgt2YN5jBtnm', 'Danish'),
(14, 18, 'Iben Ibrahi', 'Daniel', 'http://localhost:3002/v1/assets/default.jpg', '$2b$10$sAc5jrbxKJm0eCxRFmOLjOfcNz7kIQ/owUIQV0LqYoPhu88fLlm/6', 'Danish'),
(15, 19, 'dwasdawd', 'John Doe', 'http://localhost:3002/v1/assets/default.jpg', '$2b$10$SVaAvXYBTljLgc4yV.Ll6e2RRiKv4Fm2vOS9sgvNfqDTAHAppcIWK', 'Danish');

--
-- Begrænsninger for dumpede tabeller
--

--
-- Indeks for tabel admins
--
ALTER TABLE admins
  ADD PRIMARY KEY (ADMIN_ID),
  ADD KEY EMPLOYEE_ID (EMPLOYEE_ID);

--
-- Indeks for tabel annual_grades
--
ALTER TABLE annual_grades
  ADD PRIMARY KEY (GRADE_ID),
  ADD KEY STUDENT_ID (STUDENT_ID),
  ADD KEY TEACHER_ID (TEACHER_ID),
  ADD KEY CLASS_ID (CLASS_ID);

--
-- Indeks for tabel assignments
--
ALTER TABLE assignments
  ADD PRIMARY KEY (ASSIGNMENT_ID),
  ADD KEY CLASS_ID (CLASS_ID),
  ADD KEY TEACHER_ID (TEACHER_ID);

--
-- Indeks for tabel assignment_files
--
ALTER TABLE assignment_files
  ADD PRIMARY KEY (FILE_ID),
  ADD KEY ASSIGNMENT_ID (ASSIGNMENT_ID),
  ADD KEY TEACHER_ID (TEACHER_ID);

--
-- Indeks for tabel classes
--
ALTER TABLE classes
  ADD PRIMARY KEY (CLASS_ID),
  ADD KEY TEACHER_ID (TEACHER_ID);

--
-- Indeks for tabel employees
--
ALTER TABLE employees
  ADD PRIMARY KEY (EMPLOYEE_ID);

--
-- Indeks for tabel enrollments
--
ALTER TABLE enrollments
  ADD KEY CLASS_ID (CLASS_ID),
  ADD KEY enrollments_ibfk_2 (STUDENT_ID);

--
-- Indeks for tabel refresh_tokens
--
ALTER TABLE refresh_tokens
  ADD PRIMARY KEY (REFRESH_ID);

--
-- Indeks for tabel students
--
ALTER TABLE students
  ADD PRIMARY KEY (STUDENT_ID);

--
-- Indeks for tabel student_assignments
--
ALTER TABLE student_assignments
  ADD PRIMARY KEY (STUDENT_TASK_ID),
  ADD KEY STUDENT_ID (STUDENT_ID),
  ADD KEY student_assignments_ibfk_1 (ASSIGNMENT_ID);

--
-- Indeks for tabel student_assignment_files
--
ALTER TABLE student_assignment_files
  ADD PRIMARY KEY (STUDENT_FILE_ID),
  ADD KEY STUDENT_ID (STUDENT_ID),
  ADD KEY ASSIGNMENT_ID (ASSIGNMENT_ID);

--
-- Indeks for tabel student_infos
--
ALTER TABLE student_infos
  ADD PRIMARY KEY (STUDENT_ID),
  ADD KEY STUDENT_ID (STUDENT_ID);

--
-- Indeks for tabel teachers
--
ALTER TABLE teachers
  ADD PRIMARY KEY (TEACHER_ID),
  ADD KEY EMPLOYEE_ID (EMPLOYEE_ID);

--
-- Brug ikke AUTO_INCREMENT for slettede tabeller
--

--
-- Tilføj AUTO_INCREMENT i tabel admins
--
ALTER TABLE admins
  MODIFY ADMIN_ID int(11) NOT NULL AUTO_INCREMENT, AUTO_INCREMENT=2;

--
-- Tilføj AUTO_INCREMENT i tabel annual_grades
--
ALTER TABLE annual_grades
  MODIFY GRADE_ID int(11) NOT NULL AUTO_INCREMENT;

--
-- Tilføj AUTO_INCREMENT i tabel assignments
--
ALTER TABLE assignments
  MODIFY ASSIGNMENT_ID int(11) NOT NULL AUTO_INCREMENT, AUTO_INCREMENT=25;

--
-- Tilføj AUTO_INCREMENT i tabel assignment_files
--
ALTER TABLE assignment_files
  MODIFY FILE_ID int(11) NOT NULL AUTO_INCREMENT, AUTO_INCREMENT=2;

--
-- Tilføj AUTO_INCREMENT i tabel classes
--
ALTER TABLE classes
  MODIFY CLASS_ID int(11) NOT NULL AUTO_INCREMENT, AUTO_INCREMENT=2;

--
-- Tilføj AUTO_INCREMENT i tabel employees
--
ALTER TABLE employees
  MODIFY EMPLOYEE_ID int(11) NOT NULL AUTO_INCREMENT, AUTO_INCREMENT=22;

--
-- Tilføj AUTO_INCREMENT i tabel refresh_tokens
--
ALTER TABLE refresh_tokens
  MODIFY REFRESH_ID int(11) NOT NULL AUTO_INCREMENT, AUTO_INCREMENT=434;

--
-- Tilføj AUTO_INCREMENT i tabel student_assignments
--
ALTER TABLE student_assignments
  MODIFY STUDENT_TASK_ID int(11) NOT NULL AUTO_INCREMENT, AUTO_INCREMENT=95;

--
-- Tilføj AUTO_INCREMENT i tabel student_assignment_files
--
ALTER TABLE student_assignment_files
  MODIFY STUDENT_FILE_ID int(11) NOT NULL AUTO_INCREMENT, AUTO_INCREMENT=47;

--
-- Tilføj AUTO_INCREMENT i tabel student_infos
--
ALTER TABLE student_infos
  MODIFY STUDENT_ID int(11) NOT NULL AUTO_INCREMENT, AUTO_INCREMENT=68;

--
-- Tilføj AUTO_INCREMENT i tabel teachers
--
ALTER TABLE teachers
  MODIFY TEACHER_ID int(11) NOT NULL AUTO_INCREMENT, AUTO_INCREMENT=16;

--
-- Begrænsninger for dumpede tabeller
--

--
-- Begrænsninger for tabel admins
--
ALTER TABLE admins
  ADD CONSTRAINT admins_ibfk_1 FOREIGN KEY (EMPLOYEE_ID) REFERENCES employees (EMPLOYEE_ID);

--
-- Begrænsninger for tabel annual_grades
--
ALTER TABLE annual_grades
  ADD CONSTRAINT annual_grades_ibfk_1 FOREIGN KEY (STUDENT_ID) REFERENCES students (STUDENT_ID) ON DELETE CASCADE ON UPDATE NO ACTION,
  ADD CONSTRAINT annual_grades_ibfk_2 FOREIGN KEY (TEACHER_ID) REFERENCES teachers (TEACHER_ID) ON DELETE NO ACTION ON UPDATE NO ACTION,
  ADD CONSTRAINT annual_grades_ibfk_3 FOREIGN KEY (CLASS_ID) REFERENCES classes (CLASS_ID);

--
-- Begrænsninger for tabel assignments
--
ALTER TABLE assignments
  ADD CONSTRAINT assignments_ibfk_3 FOREIGN KEY (CLASS_ID) REFERENCES classes (CLASS_ID),
  ADD CONSTRAINT assignments_ibfk_4 FOREIGN KEY (TEACHER_ID) REFERENCES teachers (TEACHER_ID) ON DELETE NO ACTION ON UPDATE NO ACTION;

--
-- Begrænsninger for tabel assignment_files
--
ALTER TABLE assignment_files
  ADD CONSTRAINT assignment_files_ibfk_1 FOREIGN KEY (ASSIGNMENT_ID) REFERENCES assignments (ASSIGNMENT_ID) ON DELETE CASCADE ON UPDATE NO ACTION,
  ADD CONSTRAINT assignment_files_ibfk_2 FOREIGN KEY (TEACHER_ID) REFERENCES teachers (TEACHER_ID) ON DELETE NO ACTION ON UPDATE NO ACTION;

--
-- Begrænsninger for tabel classes
--
ALTER TABLE classes
  ADD CONSTRAINT classes_ibfk_2 FOREIGN KEY (TEACHER_ID) REFERENCES teachers (TEACHER_ID) ON DELETE SET NULL ON UPDATE NO ACTION;

--
-- Begrænsninger for tabel enrollments
--
ALTER TABLE enrollments
  ADD CONSTRAINT enrollments_ibfk_2 FOREIGN KEY (STUDENT_ID) REFERENCES students (STUDENT_ID) ON DELETE CASCADE ON UPDATE NO ACTION,
  ADD CONSTRAINT enrollments_ibfk_3 FOREIGN KEY (CLASS_ID) REFERENCES classes (CLASS_ID) ON DELETE CASCADE ON UPDATE NO ACTION;

--
-- Begrænsninger for tabel students
--
ALTER TABLE students
  ADD CONSTRAINT students_ibfk_1 FOREIGN KEY (STUDENT_ID) REFERENCES student_infos (STUDENT_ID) ON DELETE CASCADE ON UPDATE NO ACTION;

--
-- Begrænsninger for tabel student_assignments
--
ALTER TABLE student_assignments
  ADD CONSTRAINT student_assignments_ibfk_1 FOREIGN KEY (ASSIGNMENT_ID) REFERENCES assignments (ASSIGNMENT_ID) ON DELETE CASCADE ON UPDATE NO ACTION,
  ADD CONSTRAINT student_assignments_ibfk_2 FOREIGN KEY (STUDENT_ID) REFERENCES students (STUDENT_ID) ON DELETE CASCADE ON UPDATE NO ACTION;

--
-- Begrænsninger for tabel student_assignment_files
--
ALTER TABLE student_assignment_files
  ADD CONSTRAINT student_assignment_files_ibfk_1 FOREIGN KEY (STUDENT_ID) REFERENCES students (STUDENT_ID) ON DELETE CASCADE ON UPDATE NO ACTION,
  ADD CONSTRAINT student_assignment_files_ibfk_2 FOREIGN KEY (ASSIGNMENT_ID) REFERENCES assignments (ASSIGNMENT_ID) ON DELETE NO ACTION ON UPDATE NO ACTION;

--
-- Begrænsninger for tabel teachers
--
ALTER TABLE teachers
  ADD CONSTRAINT teachers_ibfk_1 FOREIGN KEY (EMPLOYEE_ID) REFERENCES employees (EMPLOYEE_ID) ON DELETE CASCADE ON UPDATE NO ACTION;
COMMIT;

/*!40101 SET CHARACTER_SET_CLIENT=@OLD_CHARACTER_SET_CLIENT */;
/*!40101 SET CHARACTER_SET_RESULTS=@OLD_CHARACTER_SET_RESULTS */;
/*!40101 SET COLLATION_CONNECTION=@OLD_COLLATION_CONNECTION */;
